"","Plot_ID","Year","Block_Num","Treatment","Shrub_Interspace","Transect","EcolState","Shrub_Encroach","AMAL","AMPA","APRA","ARAD","ARPU9","ASNU4","ATCA2","BAAB","BAMU","BOAR","BOBA2","BOER4","BOWR","CHAL11","CHAMA15","CHIN2","CHSO","CIOC2","CRYPT","CYRE14","DALA3","DAPU7","DEPI","DIWI2","ECCR","ERAB2","ERAGR","ERDI4","Fuzzy_Bluegrass","GUSA2","HEPE","HOFFM","HOHU","HYWI","IPCO2","KALLS","LACO13","LACTU","LEPAB","LIAU4","MAPI","MOCE","MOVE","MUPO2","MUSQ","NAHI","PAHI5","PASP","PECTI","PLPA2","PORTU","PRGL2","RUME2","SPAN3","SPIN2","SPORO","TILA2","UNK","UNK_DICOT","UNK_MONO","URAR","VEEN","VUOC","Total","Shrub","Introduced_Annual_Forb","Introduced_Annual_Grass","Introduced_Perennial_Grass","Native_Annual_Forb","Native_Annual_Grass","Native_Perennial_Forb","Native_Perennial_Grass"
"1","1C_I1","2020","1","Control","Interspace","1","600","High",0,0,0,0,0,0,0,0,0,0,0,0,0,0,0,0,0,0,0,0,0,0,0,0,0,283.28611898017,0,0,0,0,0,0,0,0,0,0,0,0,0,0,0,0,0,0,0,0,0,0,0,0,0,0,0,0,0,0,0,0,0,0,0,0,0,283.28611898017,0,0,0,0,283.28611898017,0,0,0
"2","1C_I2","2020","1","Control","Interspace","1","600","High",0,0,0,0,0,0,0,0,0,0,0,0,0,0,0,0,0,0,0,0,0,0,0,0,0,0,0,0,0,0,0,0,0,0,0,0,0,0,0,0,0,0,0,0,0,283.28611898017,0,0,0,0,283.28611898017,0,0,0,0,0,0,0,0,0,0,0,0,566.57223796034,0,0,0,0,566.57223796034,0,0,0
"3","1C_I3","2020","1","Control","Interspace","2","600","High",0,0,0,0,0,0,0,0,0,0,0,0,0,0,0,0,0,0,0,0,0,0,0,0,0,0,0,0,0,0,0,0,0,0,0,0,0,0,0,0,0,0,0,0,0,283.28611898017,0,0,0,0,0,0,0,0,0,283.28611898017,0,0,0,0,0,0,0,566.57223796034,0,0,0,0,283.28611898017,0,0,283.28611898017
"4","1C_I4","2020","1","Control","Interspace","2","600","High",0,0,0,0,0,0,0,0,0,0,283.28611898017,0,0,0,0,0,0,0,0,0,0,0,283.28611898017,0,0,0,0,0,0,0,0,0,0,0,0,0,0,0,0,0,0,0,0,0,0,0,0,0,0,0,0,0,0,0,0,283.28611898017,0,0,0,0,0,0,0,849.85835694051,0,0,0,0,283.28611898017,283.28611898017,0,283.28611898017
"5","1C_I5","2020","1","Control","Interspace","3","600","High",0,0,0,0,0,0,0,0,0,0,0,0,0,0,0,0,0,0,0,0,0,0,0,0,0,0,0,0,0,0,0,0,0,0,0,0,0,0,0,0,0,0,0,0,0,283.28611898017,0,0,0,0,0,0,0,0,0,0,0,0,0,0,0,0,0,283.28611898017,0,0,0,0,283.28611898017,0,0,0
"6","1C_I6","2020","1","Control","Interspace","3","600","High",0,0,0,0,0,0,0,0,283.28611898017,0,0,0,0,0,0,0,0,0,0,0,0,0,0,0,0,0,0,0,0,0,0,0,0,0,0,0,0,0,0,0,0,0,0,0,0,0,0,0,0,0,283.28611898017,0,0,0,0,0,0,0,0,0,0,0,0,566.57223796034,0,0,0,0,283.28611898017,0,283.28611898017,0
"7","2C_I1","2020","2","Control","Interspace","1","600","High",0,0,0,0,0,0,0,0,0,0,0,0,0,0,0,0,0,0,0,0,0,0,283.28611898017,0,0,0,0,0,0,0,0,0,0,0,0,0,0,0,0,0,0,0,0,0,0,0,0,0,0,0,0,0,0,0,0,0,0,0,0,0,0,0,0,283.28611898017,0,0,0,0,283.28611898017,0,0,0
"8","2C_I2","2020","2","Control","Interspace","1","600","High",0,0,0,0,0,0,0,0,0,0,0,0,0,0,0,0,0,0,0,0,0,0,0,0,0,0,0,0,0,0,0,0,0,0,0,0,0,0,0,0,0,0,0,0,0,0,0,0,0,0,0,0,0,0,0,0,0,0,0,0,0,0,0,0,0,0,0,0,0,0,0,0
"9","2C_I3","2020","2","Control","Interspace","2","600","High",0,0,0,0,0,0,0,0,0,0,0,0,0,0,0,0,0,0,0,0,0,0,0,0,0,0,0,0,0,0,0,0,0,0,0,0,0,0,0,0,0,0,0,0,0,283.28611898017,0,0,0,0,0,0,0,0,0,283.28611898017,0,0,0,283.28611898017,0,0,0,849.85835694051,0,0,0,0,283.28611898017,0,0,283.28611898017
"10","2C_I4","2020","2","Control","Interspace","2","600","High",0,0,0,0,0,0,0,0,0,0,0,0,0,0,0,0,0,0,0,0,0,0,283.28611898017,0,0,0,0,0,0,0,0,0,0,0,0,0,0,0,0,0,0,0,0,0,0,0,0,0,0,0,0,0,0,0,0,283.28611898017,0,0,0,0,0,0,0,566.57223796034,0,0,0,0,283.28611898017,0,0,283.28611898017
"11","2C_I5","2020","2","Control","Interspace","3","600","High",0,0,0,0,0,0,0,0,283.28611898017,0,0,0,0,0,0,0,0,0,0,0,0,0,0,0,0,0,0,0,0,0,0,0,0,0,0,0,0,0,0,0,0,0,283.28611898017,0,0,283.28611898017,0,0,0,0,0,0,0,0,0,566.57223796034,0,0,0,0,0,0,0,1416.43059490085,0,0,0,0,566.57223796034,0,283.28611898017,566.57223796034
"12","2C_I6","2020","2","Control","Interspace","3","600","High",0,0,0,0,0,0,0,0,0,0,0,0,0,0,0,0,0,0,0,0,0,0,0,0,0,0,0,0,0,0,0,0,0,0,0,0,0,0,0,0,0,0,283.28611898017,0,0,566.57223796034,0,0,0,0,0,0,0,0,0,0,0,0,0,0,0,0,0,849.85835694051,0,0,0,0,849.85835694051,0,0,0
"13","3C_I1","2020","3","Control","Interspace","1","400","Medium",0,0,0,0,0,0,0,0,283.28611898017,0,0,0,0,0,0,0,0,0,0,0,0,0,0,0,0,0,0,0,0,0,0,0,0,0,0,0,0,0,0,0,0,0,0,0,0,0,0,0,0,0,0,0,0,0,0,0,0,0,0,0,0,0,0,283.28611898017,0,0,0,0,0,0,283.28611898017,0
"14","3C_I2","2020","3","Control","Interspace","1","400","Medium",0,0,0,0,0,0,0,0,0,0,0,0,0,0,0,0,0,0,283.28611898017,0,0,0,0,0,0,0,0,0,0,0,0,0,0,0,0,0,0,0,0,0,0,0,0,0,0,0,0,0,0,0,0,0,0,0,0,0,0,283.28611898017,0,0,0,0,0,566.57223796034,0,0,0,0,283.28611898017,0,0,0
"15","3C_I3","2020","3","Control","Interspace","2","400","Medium",0,0,0,0,0,0,0,0,0,0,0,0,0,0,0,0,0,0,849.85835694051,0,0,0,0,0,0,0,0,0,0,0,0,0,0,0,0,0,0,0,0,0,0,0,0,0,0,0,0,0,0,0,0,0,0,0,0,0,0,0,0,0,0,0,0,849.85835694051,0,0,0,0,849.85835694051,0,0,0
"16","3C_I4","2020","3","Control","Interspace","2","400","Medium",0,0,0,0,0,0,0,0,0,0,0,0,0,0,0,0,0,0,0,0,0,0,0,0,0,0,0,283.28611898017,0,0,0,0,0,0,0,0,0,0,0,0,0,0,0,0,0,1416.43059490085,0,0,0,0,0,0,0,0,0,1133.14447592068,0,566.57223796034,0,0,0,0,0,3399.43342776204,0,0,0,0,1416.43059490085,0,283.28611898017,1133.14447592068
"17","3C_I5","2020","3","Control","Interspace","3","400","Medium",0,0,0,0,0,0,0,0,0,0,0,0,0,0,0,0,0,0,566.57223796034,0,0,0,0,0,0,0,0,0,0,0,0,0,0,0,0,0,0,0,0,0,0,0,0,0,0,0,0,0,0,0,0,0,0,0,0,283.28611898017,0,0,0,0,0,0,0,849.85835694051,0,0,0,0,566.57223796034,0,0,283.28611898017
"18","3C_I6","2020","3","Control","Interspace","3","400","Medium",0,0,0,0,0,0,0,0,0,0,0,0,0,0,0,0,0,0,0,0,0,0,0,0,0,0,0,0,0,0,0,0,0,0,0,0,0,0,0,0,0,0,0,0,0,0,0,0,0,0,0,0,0,0,0,283.28611898017,0,849.85835694051,283.28611898017,0,0,0,0,1416.43059490085,0,0,0,0,0,0,0,283.28611898017
"19","4C_I1","2020","4","Control","Interspace","1","400","Medium",0,0,0,0,0,0,0,0,0,0,0,0,0,0,0,0,0,0,0,0,0,0,0,0,0,0,0,0,0,0,0,0,0,0,0,0,0,0,0,0,0,0,0,0,0,283.28611898017,0,0,0,0,0,0,0,0,0,566.57223796034,0,0,0,0,0,0,0,849.85835694051,0,0,0,0,283.28611898017,0,0,566.57223796034
"20","4C_I2","2020","4","Control","Interspace","1","400","Medium",0,0,0,0,0,0,0,0,0,0,0,0,0,0,0,0,0,0,849.85835694051,0,0,0,0,0,0,0,0,0,0,0,0,0,0,0,0,0,0,0,0,0,0,0,0,0,0,0,0,0,0,0,0,0,0,0,0,0,0,0,283.28611898017,0,0,0,0,1133.14447592068,0,0,0,0,849.85835694051,0,0,0
"21","4C_I3","2020","4","Control","Interspace","2","400","Medium",0,0,0,0,0,0,0,0,0,0,0,0,0,0,0,0,0,0,283.28611898017,0,0,0,0,0,0,0,0,0,0,0,0,0,0,0,0,0,0,0,0,0,0,0,0,0,0,0,0,0,0,0,0,0,0,0,0,0,0,0,566.57223796034,0,0,0,0,849.85835694051,0,0,0,0,283.28611898017,0,0,0
"22","4C_I4","2020","4","Control","Interspace","2","400","Medium",0,0,0,0,0,0,0,0,0,0,0,0,0,0,0,0,0,0,1133.14447592068,0,0,0,0,0,0,0,0,0,0,0,0,0,0,0,0,0,0,0,0,0,0,0,0,0,0,283.28611898017,0,0,0,0,0,0,0,0,0,283.28611898017,0,283.28611898017,0,0,0,0,0,1983.00283286119,0,0,0,0,1416.43059490085,0,0,283.28611898017
"23","4C_I5","2020","4","Control","Interspace","3","400","Medium",0,0,0,0,0,0,0,0,0,0,0,0,0,0,0,0,0,0,0,0,0,0,0,0,0,0,0,0,0,0,0,0,0,0,0,0,0,0,0,0,0,0,0,0,283.28611898017,283.28611898017,0,0,0,0,0,0,0,0,0,0,0,283.28611898017,0,0,0,0,0,849.85835694051,0,0,0,0,283.28611898017,283.28611898017,0,0
"24","4C_I6","2020","4","Control","Interspace","3","400","Medium",0,0,0,0,0,0,0,0,0,0,0,0,0,0,0,0,0,0,2549.57507082153,0,0,0,0,0,0,0,0,0,0,0,0,0,0,0,0,0,0,0,0,0,0,0,0,0,0,283.28611898017,0,0,0,0,0,0,0,0,0,283.28611898017,0,0,0,0,0,0,0,3116.14730878187,0,0,0,0,2832.8611898017,0,0,283.28611898017
"25","8C_I1","2020","8","Control","Interspace","1","400","Medium",0,0,0,0,0,0,0,0,0,0,0,0,0,0,0,0,0,0,566.57223796034,0,0,0,0,0,0,0,0,0,0,0,0,0,0,0,0,0,0,0,0,0,0,0,0,0,0,849.85835694051,0,0,0,566.57223796034,283.28611898017,0,0,0,0,0,0,1416.43059490085,0,0,0,0,0,3682.71954674221,0,0,0,0,2266.28895184136,0,0,0
"26","8C_I2","2020","8","Control","Interspace","1","400","Medium",0,0,0,0,0,0,0,0,0,0,0,0,0,0,0,0,0,0,283.28611898017,0,0,0,0,0,0,0,0,0,0,0,0,0,0,0,0,0,0,0,0,0,0,0,0,0,0,566.57223796034,0,0,0,566.57223796034,0,0,0,0,0,566.57223796034,0,0,0,0,0,0,0,1983.00283286119,0,0,0,0,1416.43059490085,0,0,566.57223796034
"27","8C_I3","2020","8","Control","Interspace","2","400","Medium",0,0,0,0,0,0,0,0,0,0,0,0,0,0,0,0,0,0,283.28611898017,0,0,0,0,0,0,0,0,0,0,0,0,0,0,0,0,0,0,0,0,0,0,0,0,0,0,283.28611898017,0,0,0,566.57223796034,0,0,0,0,0,0,0,283.28611898017,0,283.28611898017,0,0,0,1699.71671388102,0,0,0,0,1133.14447592068,0,0,0
"28","8C_I4","2020","8","Control","Interspace","2","400","Medium",0,0,0,0,0,0,0,0,0,0,0,0,0,283.28611898017,0,0,0,0,0,0,0,0,0,0,0,0,0,0,0,0,0,0,0,0,0,0,0,0,0,0,0,0,0,0,0,1133.14447592068,0,0,0,283.28611898017,0,0,0,0,0,0,0,0,0,0,0,0,0,1699.71671388102,0,0,0,0,1416.43059490085,0,283.28611898017,0
"29","8C_I5","2020","8","Control","Interspace","3","400","Medium",0,0,0,0,0,0,0,0,0,0,0,0,0,0,0,0,0,0,283.28611898017,0,0,0,0,0,0,0,0,0,0,0,0,0,0,0,0,0,0,0,0,0,0,0,0,0,0,566.57223796034,0,0,0,849.85835694051,0,0,0,0,0,283.28611898017,0,849.85835694051,0,0,0,0,0,2832.8611898017,0,0,0,0,1699.71671388102,0,0,283.28611898017
"30","8C_I6","2020","8","Control","Interspace","3","400","Medium",0,0,0,0,0,0,0,0,0,0,0,283.28611898017,0,0,0,0,0,0,0,0,0,0,0,0,0,0,0,0,0,0,0,0,0,0,0,0,0,0,0,0,0,0,0,0,0,1133.14447592068,0,0,0,9065.15580736544,0,0,0,0,0,283.28611898017,0,566.57223796034,0,0,0,0,0,11331.4447592068,0,0,0,0,10198.3002832861,0,0,566.57223796034
"31","9C_I1","2020","9","Control","Interspace","1","400","Medium",0,0,0,0,0,0,0,0,0,0,0,0,0,0,0,0,0,0,0,0,0,0,0,0,0,0,0,0,0,0,0,0,0,0,0,0,0,0,0,0,0,0,0,0,0,0,0,0,0,0,0,0,0,0,0,283.28611898017,0,0,0,0,0,0,0,283.28611898017,0,0,0,0,0,0,0,283.28611898017
"32","9C_I2","2020","9","Control","Interspace","1","400","Medium",0,0,0,0,0,0,0,0,283.28611898017,0,0,0,0,0,0,0,0,0,283.28611898017,0,0,0,0,0,0,0,0,0,0,0,0,0,0,0,0,0,0,0,0,0,0,0,0,0,0,0,0,0,0,0,0,0,0,0,0,0,0,0,0,0,0,0,0,566.57223796034,0,0,0,0,283.28611898017,0,283.28611898017,0
"33","9C_I3","2020","9","Control","Interspace","2","400","Medium",0,0,0,0,0,0,0,0,0,0,0,0,0,0,0,0,0,0,0,0,0,0,0,0,0,283.28611898017,0,0,0,0,0,0,0,0,0,0,0,0,0,0,0,0,0,0,0,0,0,0,0,0,0,0,0,0,0,0,0,0,0,0,0,0,0,283.28611898017,0,0,0,0,283.28611898017,0,0,0
"34","9C_I4","2020","9","Control","Interspace","2","400","Medium",0,0,0,0,0,0,0,0,0,0,0,0,0,0,0,0,0,0,0,0,0,0,0,0,0,0,0,0,0,0,0,0,0,0,0,0,0,0,0,0,0,0,0,0,0,0,0,0,0,0,0,0,0,0,0,0,0,0,0,0,0,0,0,0,0,0,0,0,0,0,0,0
"35","9C_I5","2020","9","Control","Interspace","3","400","Medium",0,0,0,0,0,0,0,0,0,0,0,0,0,0,0,0,0,0,0,0,0,0,0,0,0,0,0,0,0,0,0,0,0,0,0,0,0,0,0,0,0,0,0,0,0,0,0,0,0,0,0,0,0,0,0,0,0,0,0,0,0,0,0,0,0,0,0,0,0,0,0,0
"36","9C_I6","2020","9","Control","Interspace","3","400","Medium",0,0,0,0,0,0,0,0,0,0,0,0,0,0,0,0,0,0,0,0,0,0,0,0,0,0,0,0,0,0,0,0,0,0,0,0,0,0,0,0,0,0,0,0,0,0,0,0,0,0,0,0,0,0,0,0,0,0,0,0,0,0,0,0,0,0,0,0,0,0,0,0
"37","10C_I1","2020","10","Control","Interspace","1","100","Low",0,0,0,0,0,0,0,0,0,0,0,0,0,0,0,0,0,0,0,0,0,0,283.28611898017,0,0,0,0,0,0,0,0,0,0,0,0,0,0,0,0,0,0,0,0,0,0,0,0,0,0,0,0,0,0,0,0,849.85835694051,0,0,0,0,0,0,0,1133.14447592068,0,0,0,0,283.28611898017,0,0,849.85835694051
"38","10C_I2","2020","10","Control","Interspace","1","100","Low",0,0,0,0,0,0,0,0,0,0,0,0,0,283.28611898017,0,0,0,0,566.57223796034,0,0,0,283.28611898017,0,0,0,0,0,0,0,0,0,0,0,0,0,0,0,0,0,0,0,0,0,0,1699.71671388102,0,0,0,0,0,0,0,0,0,283.28611898017,0,0,566.57223796034,0,0,0,0,3682.71954674221,0,0,0,0,2549.57507082153,0,283.28611898017,283.28611898017
"39","10C_I3","2020","10","Control","Interspace","2","100","Low",0,0,0,0,0,0,0,0,0,0,0,0,0,0,0,0,0,0,0,0,0,0,0,0,0,0,0,0,0,0,0,0,0,0,0,0,0,0,0,0,0,0,0,0,0,283.28611898017,0,0,0,0,0,0,0,0,0,283.28611898017,0,0,566.57223796034,0,0,0,0,1133.14447592068,0,0,0,0,283.28611898017,0,0,283.28611898017
"40","10C_I4","2020","10","Control","Interspace","2","100","Low",0,0,0,0,0,0,0,0,0,0,0,0,0,0,0,0,0,0,0,0,0,0,0,0,0,0,0,0,0,0,0,0,0,0,0,0,0,0,0,0,0,0,0,0,0,849.85835694051,0,0,0,0,0,0,0,0,0,0,0,0,0,0,0,0,0,849.85835694051,0,0,0,0,849.85835694051,0,0,0
"41","10C_I5","2020","10","Control","Interspace","3","100","Low",0,0,0,0,0,0,0,0,0,0,0,0,0,0,0,0,0,0,0,0,0,0,283.28611898017,0,0,0,0,0,0,0,0,0,0,0,0,0,0,0,0,0,0,0,0,0,0,0,0,0,0,0,0,0,0,0,0,849.85835694051,0,0,0,0,0,0,0,1133.14447592068,0,0,0,0,283.28611898017,0,0,849.85835694051
"42","10C_I6","2020","10","Control","Interspace","3","100","Low",0,0,0,0,0,0,0,0,0,0,0,0,0,0,0,0,0,0,0,0,0,0,0,0,0,0,0,0,0,0,0,0,0,0,0,0,0,0,0,0,0,0,0,0,0,0,0,0,0,0,0,0,0,0,0,566.57223796034,0,1133.14447592068,0,0,0,0,0,1699.71671388102,0,0,0,0,0,0,0,566.57223796034
"43","11C_I1","2020","11","Control","Interspace","1","400","Medium",0,0,0,0,0,0,0,0,0,0,0,0,0,0,0,0,0,0,283.28611898017,0,0,0,0,0,0,0,0,283.28611898017,0,0,0,0,0,0,0,0,0,0,0,0,0,0,0,0,0,1699.71671388102,0,0,0,0,0,0,0,0,0,0,0,566.57223796034,566.57223796034,283.28611898017,0,0,0,3682.71954674221,0,0,0,0,1983.00283286119,0,283.28611898017,0
"44","11C_I2","2020","11","Control","Interspace","1","400","Medium",0,0,0,0,0,0,0,0,0,0,0,0,0,0,0,0,0,0,0,0,0,0,0,0,0,0,0,0,0,0,0,0,0,0,0,0,0,0,0,0,0,0,0,0,0,0,0,0,0,0,0,0,0,0,0,283.28611898017,0,283.28611898017,0,0,0,0,0,566.57223796034,0,0,0,0,0,0,0,283.28611898017
"45","11C_I3","2020","11","Control","Interspace","2","400","Medium",0,0,0,0,0,0,0,0,0,0,0,0,0,0,0,0,0,0,566.57223796034,0,0,0,0,0,0,0,0,0,0,0,0,0,0,0,0,0,0,0,0,283.28611898017,0,0,0,0,0,0,0,0,0,0,0,0,0,0,0,283.28611898017,0,566.57223796034,849.85835694051,0,0,0,0,2549.57507082153,0,0,0,0,849.85835694051,0,0,283.28611898017
"46","11C_I4","2020","11","Control","Interspace","2","400","Medium",0,0,0,0,0,0,0,0,0,0,0,0,0,0,0,0,0,0,283.28611898017,0,0,0,0,0,0,0,0,283.28611898017,0,0,0,0,0,0,0,0,0,0,0,0,0,0,0,0,0,1416.43059490085,0,0,0,283.28611898017,0,0,0,0,0,1133.14447592068,0,849.85835694051,283.28611898017,0,0,0,0,4532.57790368272,0,0,0,0,1983.00283286119,0,283.28611898017,1133.14447592068
"47","11C_I5","2020","11","Control","Interspace","3","400","Medium",0,0,0,0,0,0,0,0,0,0,0,0,0,0,0,0,0,0,3966.00566572238,0,0,0,0,0,0,0,0,0,0,0,0,0,0,0,0,0,0,0,0,0,0,0,0,0,0,283.28611898017,0,0,0,0,0,0,0,0,0,566.57223796034,0,1133.14447592068,0,0,0,0,0,5949.00849858357,0,0,0,0,4249.29178470255,0,0,566.57223796034
"48","11C_I6","2020","11","Control","Interspace","3","400","Medium",0,0,0,0,0,0,0,0,0,0,0,0,0,0,0,0,0,0,0,0,0,0,0,0,0,0,0,0,0,0,0,0,0,0,0,0,0,0,0,0,0,0,0,0,0,283.28611898017,0,0,0,0,0,0,0,0,0,0,0,0,283.28611898017,0,0,0,0,566.57223796034,0,0,0,0,283.28611898017,0,0,0
"49","12C_I1","2020","12","Control","Interspace","1","400","Medium",0,0,0,0,0,0,0,0,0,0,0,0,0,0,0,0,0,0,0,0,0,0,0,0,0,0,0,283.28611898017,0,0,0,0,0,0,0,0,0,0,0,0,0,0,0,0,0,0,0,0,0,0,0,0,0,0,0,0,0,0,0,0,0,0,0,283.28611898017,0,0,0,0,0,0,283.28611898017,0
"50","12C_I2","2020","12","Control","Interspace","1","400","Medium",0,0,0,0,0,0,0,0,283.28611898017,0,0,0,0,0,0,0,0,0,1416.43059490085,0,0,0,0,0,0,0,0,566.57223796034,0,0,0,0,0,0,0,0,0,0,0,0,0,0,0,0,0,5099.15014164306,0,0,0,0,0,0,0,0,0,566.57223796034,0,1416.43059490085,849.85835694051,0,0,0,0,10198.3002832861,0,0,0,0,6515.58073654391,0,849.85835694051,566.57223796034
"51","12C_I3","2020","12","Control","Interspace","2","400","Medium",0,0,0,0,0,0,0,0,0,0,0,0,0,0,0,0,0,0,0,0,0,0,0,0,0,566.57223796034,0,283.28611898017,0,0,0,0,0,0,0,0,0,0,0,0,0,0,0,0,0,0,0,0,0,0,0,0,0,0,0,283.28611898017,0,0,849.85835694051,0,0,0,0,1983.00283286119,0,0,0,0,566.57223796034,0,283.28611898017,283.28611898017
"52","12C_I4","2020","12","Control","Interspace","2","400","Medium",0,0,0,0,0,0,0,0,0,0,0,0,0,0,0,0,0,0,1699.71671388102,0,0,0,0,0,0,0,0,566.57223796034,0,0,0,0,0,0,0,0,0,0,0,0,0,0,0,0,0,849.85835694051,0,0,0,0,0,0,0,0,0,0,0,566.57223796034,283.28611898017,0,0,0,283.28611898017,4249.29178470255,0,0,0,0,2549.57507082153,283.28611898017,566.57223796034,0
"53","12C_I5","2020","12","Control","Interspace","3","400","Medium",0,0,0,0,0,0,0,0,283.28611898017,0,0,0,0,0,0,0,0,0,283.28611898017,0,0,0,0,0,0,0,0,0,0,0,0,0,0,0,0,0,0,0,0,0,0,0,0,0,0,283.28611898017,0,0,0,0,0,0,0,0,0,1133.14447592068,0,283.28611898017,283.28611898017,0,0,0,0,2549.57507082153,0,0,0,0,566.57223796034,0,283.28611898017,1133.14447592068
"54","12C_I6","2020","12","Control","Interspace","3","400","Medium",0,0,0,0,0,0,0,0,0,0,0,0,0,0,0,0,0,0,283.28611898017,0,0,0,0,0,0,0,0,0,0,0,0,0,0,0,0,0,0,0,0,0,0,0,0,0,0,0,0,0,0,0,0,0,0,0,0,1133.14447592068,0,0,0,0,0,0,0,1416.43059490085,0,0,0,0,283.28611898017,0,0,1133.14447592068
"55","13C_I1","2020","13","Control","Interspace","1","400","Medium",0,0,0,0,0,0,0,0,0,0,0,0,0,0,0,0,0,0,0,0,0,0,0,0,0,0,0,0,0,0,0,0,283.28611898017,0,0,0,0,0,0,0,0,0,0,0,0,283.28611898017,0,0,0,0,0,0,0,0,0,0,0,1416.43059490085,283.28611898017,0,0,0,0,2266.28895184136,0,0,0,0,566.57223796034,0,0,0
"56","13C_I2","2020","13","Control","Interspace","1","400","Medium",0,0,0,0,0,0,0,0,0,0,0,0,0,0,0,0,0,0,0,0,0,0,0,0,0,0,0,0,0,0,0,0,0,0,0,0,0,0,0,0,0,0,0,0,0,2832.8611898017,0,0,0,0,0,0,0,0,0,0,0,0,0,0,0,0,0,2832.8611898017,0,0,0,0,2832.8611898017,0,0,0
"57","13C_I3","2020","13","Control","Interspace","2","400","Medium",0,0,0,0,0,0,0,0,0,0,0,0,0,0,0,0,0,0,0,0,0,0,0,0,0,0,0,0,0,0,0,0,0,0,0,0,0,0,0,283.28611898017,0,0,0,0,0,566.57223796034,0,0,0,0,0,0,0,0,0,0,0,283.28611898017,0,283.28611898017,0,0,0,1416.43059490085,0,0,0,0,849.85835694051,0,0,0
"58","13C_I4","2020","13","Control","Interspace","2","400","Medium",0,0,0,0,0,0,0,0,283.28611898017,0,0,0,0,0,0,0,0,0,0,0,0,0,0,0,0,0,0,0,0,0,0,0,0,0,0,0,0,0,0,0,0,0,0,0,0,1133.14447592068,0,0,0,0,0,0,0,0,0,0,0,0,0,0,0,0,0,1416.43059490085,0,0,0,0,1133.14447592068,0,283.28611898017,0
"59","13C_I5","2020","13","Control","Interspace","3","400","Medium",0,0,0,0,0,0,0,0,0,0,0,0,0,0,0,0,0,0,0,0,0,0,0,0,0,0,0,0,0,0,0,0,0,0,0,0,0,0,0,0,0,0,0,0,0,283.28611898017,0,0,0,0,0,0,0,0,0,849.85835694051,0,0,0,0,0,0,0,1133.14447592068,0,0,0,0,283.28611898017,0,0,849.85835694051
"60","13C_I6","2020","13","Control","Interspace","3","400","Medium",0,0,0,0,0,0,0,0,0,0,0,0,0,0,0,0,0,0,0,0,0,0,0,0,0,0,0,0,0,0,0,0,0,0,0,0,0,0,0,0,0,0,0,0,0,2266.28895184136,0,0,0,0,0,0,0,0,0,566.57223796034,0,1416.43059490085,283.28611898017,0,0,0,0,4532.57790368272,0,0,0,0,2266.28895184136,0,0,566.57223796034
"61","14C_I1","2020","14","Control","Interspace","1","600","High",0,0,0,0,0,0,0,0,0,0,0,0,0,0,0,0,0,0,0,0,0,0,0,0,0,0,0,0,0,0,0,0,0,0,0,0,0,0,0,0,0,0,0,0,0,566.57223796034,0,0,0,0,0,0,0,0,0,0,0,0,0,0,0,0,0,566.57223796034,0,0,0,0,566.57223796034,0,0,0
"62","14C_I2","2020","14","Control","Interspace","1","600","High",0,0,0,0,0,0,0,0,0,0,0,0,0,0,0,0,0,0,0,0,0,0,0,0,0,0,0,0,0,0,0,0,0,0,0,0,0,0,0,0,0,0,0,0,0,566.57223796034,0,0,0,0,0,0,0,0,0,0,0,0,0,0,0,0,0,566.57223796034,0,0,0,0,566.57223796034,0,0,0
"63","14C_I3","2020","14","Control","Interspace","2","600","High",0,0,0,0,0,0,0,0,0,0,0,0,0,0,0,0,0,0,0,0,0,0,0,0,0,0,0,0,0,0,0,0,0,0,0,0,0,0,0,0,0,0,0,0,0,0,0,0,0,0,0,0,0,0,0,0,0,0,0,0,0,0,0,0,0,0,0,0,0,0,0,0
"64","14C_I4","2020","14","Control","Interspace","2","600","High",0,0,0,0,0,0,0,0,0,0,0,0,0,0,0,0,0,0,0,0,0,0,0,0,0,0,0,0,0,0,0,0,0,0,0,0,0,0,0,0,0,0,0,0,0,0,0,0,0,0,0,283.28611898017,0,0,0,283.28611898017,0,283.28611898017,0,0,0,0,0,849.85835694051,283.28611898017,0,0,0,0,0,0,283.28611898017
"65","14C_I5","2020","14","Control","Interspace","3","600","High",0,0,0,0,0,0,0,0,0,0,0,0,0,0,0,0,0,0,0,0,0,0,0,0,0,0,0,0,0,0,0,0,0,0,0,0,0,0,0,0,0,0,0,0,0,1983.00283286119,0,0,0,0,0,0,0,0,0,0,0,0,0,0,0,0,0,1983.00283286119,0,0,0,0,1983.00283286119,0,0,0
"66","14C_I6","2020","14","Control","Interspace","3","600","High",0,0,0,0,0,0,0,0,0,0,0,0,0,0,0,0,0,0,0,0,0,0,0,0,0,0,0,0,0,0,0,0,0,0,0,0,0,0,0,0,0,0,0,0,0,1416.43059490085,0,0,0,0,0,0,0,0,0,0,0,0,283.28611898017,0,0,0,0,1699.71671388102,0,0,0,0,1416.43059490085,0,0,0
"67","15C_I1","2020","15","Control","Interspace","1","600","High",0,0,0,0,0,0,0,0,0,0,0,0,0,0,0,0,0,0,0,0,0,0,0,0,0,0,0,0,0,0,0,0,0,0,0,0,0,0,0,0,0,0,0,0,0,2266.28895184136,0,0,0,0,0,0,0,0,0,0,0,0,283.28611898017,0,0,0,0,2549.57507082153,0,0,0,0,2266.28895184136,0,0,0
"68","15C_I2","2020","15","Control","Interspace","1","600","High",0,0,0,0,0,0,0,0,0,0,0,0,0,0,0,0,0,0,0,0,0,0,0,0,0,0,0,0,0,0,0,0,0,0,0,0,0,0,0,0,0,0,0,0,0,566.57223796034,0,0,0,0,0,0,0,0,0,0,0,0,0,0,0,0,0,566.57223796034,0,0,0,0,566.57223796034,0,0,0
"69","15C_I3","2020","15","Control","Interspace","2","600","High",0,0,0,0,0,0,0,0,0,0,0,0,0,0,283.28611898017,0,0,0,0,0,0,0,0,0,0,0,0,0,0,0,0,0,0,0,0,0,0,0,0,0,0,0,0,0,0,283.28611898017,0,0,0,0,0,0,0,0,0,566.57223796034,0,0,0,0,0,0,0,1133.14447592068,0,0,0,0,566.57223796034,0,0,566.57223796034
"70","15C_I4","2020","15","Control","Interspace","2","600","High",0,0,0,0,0,0,0,0,0,0,0,0,0,0,0,0,0,0,0,0,0,0,0,0,0,0,0,0,0,0,0,0,0,0,0,0,0,0,0,0,0,0,0,0,0,849.85835694051,0,0,0,0,0,0,0,0,0,0,0,0,0,0,0,0,0,849.85835694051,0,0,0,0,849.85835694051,0,0,0
"71","15C_I5","2020","15","Control","Interspace","3","600","High",0,0,0,0,0,0,0,0,0,0,0,0,0,0,0,0,0,0,0,0,0,0,0,0,0,0,0,0,0,0,0,0,0,0,0,0,0,0,0,0,0,0,0,0,0,1416.43059490085,0,0,0,0,0,0,0,0,0,283.28611898017,0,0,0,0,0,0,0,1699.71671388102,0,0,0,0,1416.43059490085,0,0,283.28611898017
"72","15C_I6","2020","15","Control","Interspace","3","600","High",0,0,0,0,0,0,0,0,0,0,0,0,0,0,0,0,0,0,0,0,0,0,0,0,0,0,0,0,0,0,0,0,0,0,0,0,0,0,0,0,0,0,0,0,0,1133.14447592068,0,0,0,0,0,0,0,0,0,0,0,849.85835694051,283.28611898017,0,0,0,0,2266.28895184136,0,0,0,0,1133.14447592068,0,0,0
"73","16C_I1","2020","16","Control","Interspace","1","100","Low",0,0,0,0,0,0,0,0,0,0,0,0,0,0,0,0,0,0,0,0,0,0,0,0,0,0,0,0,0,0,0,0,0,0,0,0,0,0,0,0,0,0,0,0,0,0,0,0,0,0,0,0,0,0,0,0,0,283.28611898017,283.28611898017,0,0,0,0,566.57223796034,0,0,0,0,0,0,0,0
"74","16C_I2","2020","16","Control","Interspace","1","100","Low",0,0,0,0,0,0,0,0,0,0,0,0,0,0,0,0,0,0,0,0,0,0,0,0,0,0,0,0,0,0,0,0,0,0,0,0,0,0,0,0,0,0,0,0,0,0,0,0,0,0,0,0,0,0,0,283.28611898017,0,0,0,0,0,0,0,283.28611898017,0,0,0,0,0,0,0,283.28611898017
"75","16C_I3","2020","16","Control","Interspace","2","100","Low",0,0,0,0,0,0,0,0,0,0,0,0,0,0,0,0,0,0,0,0,0,0,0,0,0,0,0,0,0,0,0,0,0,0,0,0,0,0,0,0,0,0,0,0,0,0,0,0,0,0,0,0,0,0,0,0,0,0,0,0,0,0,0,0,0,0,0,0,0,0,0,0
"76","16C_I4","2020","16","Control","Interspace","2","100","Low",0,0,0,0,0,0,0,0,0,0,0,0,0,0,0,0,0,0,0,0,0,0,0,0,0,0,0,0,0,0,0,0,0,0,0,0,0,0,0,0,0,0,0,0,0,283.28611898017,0,0,0,0,0,0,0,0,0,0,0,283.28611898017,0,0,0,0,0,566.57223796034,0,0,0,0,283.28611898017,0,0,0
"77","16C_I5","2020","16","Control","Interspace","3","100","Low",0,0,0,0,0,0,0,0,0,0,0,0,0,0,0,0,0,0,0,0,0,0,0,0,0,0,0,0,0,0,0,0,0,0,0,0,0,0,0,0,0,0,0,0,0,849.85835694051,0,0,0,0,0,0,0,0,0,283.28611898017,0,0,0,0,0,0,0,1133.14447592068,0,0,0,0,849.85835694051,0,0,283.28611898017
"78","16C_I6","2020","16","Control","Interspace","3","100","Low",0,0,283.28611898017,0,0,0,0,0,0,0,283.28611898017,0,0,0,0,0,0,0,0,0,0,0,0,0,0,0,0,0,0,0,0,0,0,0,0,0,0,0,0,0,0,0,0,0,0,849.85835694051,0,0,0,0,0,0,0,0,0,566.57223796034,0,0,0,0,0,0,0,1983.00283286119,0,0,0,0,1133.14447592068,283.28611898017,0,566.57223796034
"79","17C_I1","2020","17","Control","Interspace","1","600","High",0,0,0,0,0,0,0,0,0,0,0,0,0,0,0,0,0,0,283.28611898017,0,0,283.28611898017,0,0,0,0,0,0,0,0,0,0,0,0,0,0,0,0,0,0,0,0,0,0,0,2549.57507082153,0,0,0,0,0,0,0,0,0,283.28611898017,0,566.57223796034,0,283.28611898017,0,0,0,4249.29178470255,0,0,0,0,2832.8611898017,0,0,566.57223796034
"80","17C_I2","2020","17","Control","Interspace","1","600","High",0,0,0,0,0,0,0,0,0,0,0,0,0,0,0,0,0,0,0,0,0,0,0,0,0,0,0,0,0,0,0,0,0,0,0,0,0,0,0,0,0,0,0,0,0,566.57223796034,0,0,0,0,0,0,0,0,0,0,0,283.28611898017,566.57223796034,283.28611898017,0,0,0,1699.71671388102,0,0,0,0,566.57223796034,0,0,0
"81","17C_I3","2020","17","Control","Interspace","2","600","High",0,0,0,0,0,0,0,0,0,0,0,0,0,0,0,0,0,0,0,0,0,0,0,0,0,0,0,0,0,0,0,0,0,0,0,0,0,0,0,0,0,0,0,0,0,1983.00283286119,0,0,0,0,283.28611898017,0,0,0,0,283.28611898017,0,283.28611898017,849.85835694051,0,0,0,0,3682.71954674221,0,0,0,0,2266.28895184136,0,0,283.28611898017
"82","17C_I4","2020","17","Control","Interspace","2","600","High",0,0,0,0,0,0,0,0,0,0,0,0,0,0,0,0,0,0,0,0,0,0,0,0,0,0,0,0,0,0,0,0,0,0,0,0,0,0,0,0,0,0,0,0,0,1133.14447592068,0,0,0,0,0,0,0,0,0,0,0,0,0,0,0,0,0,1133.14447592068,0,0,0,0,1133.14447592068,0,0,0
"83","17C_I5","2020","17","Control","Interspace","3","600","High",0,0,0,0,0,283.28611898017,0,0,0,0,0,0,0,0,0,0,0,0,0,0,0,0,0,0,0,0,0,0,0,0,0,0,0,0,0,0,0,0,0,0,0,0,0,0,0,0,0,0,0,0,0,0,0,0,0,0,0,566.57223796034,0,0,0,0,0,849.85835694051,0,0,0,0,283.28611898017,0,0,0
"84","17C_I6","2020","17","Control","Interspace","3","600","High",0,0,0,0,0,0,0,0,0,0,0,0,0,0,0,0,0,0,0,0,0,0,0,0,0,0,0,0,0,0,0,0,0,0,0,0,0,0,0,0,0,0,0,0,0,849.85835694051,0,0,0,0,0,0,0,0,0,0,0,0,283.28611898017,0,0,0,0,1133.14447592068,0,0,0,0,849.85835694051,0,0,0
"85","18C_I1","2020","18","Control","Interspace","1","900","High",0,0,0,0,0,0,0,0,0,0,0,0,0,0,283.28611898017,0,0,0,0,0,0,0,0,0,0,0,0,0,0,0,0,0,0,0,0,0,0,0,0,0,0,0,0,0,0,1133.14447592068,0,0,0,0,0,0,0,0,0,283.28611898017,0,283.28611898017,0,0,0,0,0,1983.00283286119,0,0,0,0,1416.43059490085,0,0,283.28611898017
"86","18C_I2","2020","18","Control","Interspace","1","900","High",0,0,0,0,0,0,0,0,0,0,0,0,0,0,0,0,0,0,0,0,0,0,0,0,0,0,0,0,0,0,0,0,0,0,0,0,0,0,0,0,0,0,0,0,0,849.85835694051,0,0,0,0,849.85835694051,0,0,0,0,283.28611898017,0,283.28611898017,0,0,0,0,0,2266.28895184136,0,0,0,0,1699.71671388102,0,0,283.28611898017
"87","18C_I3","2020","18","Control","Interspace","2","900","High",0,0,0,0,0,0,0,0,0,0,0,0,0,0,0,0,0,0,0,0,0,0,0,0,0,0,1416.43059490085,0,0,0,0,0,0,0,0,0,0,0,0,0,0,0,0,0,0,566.57223796034,0,0,0,0,0,0,0,0,0,283.28611898017,0,283.28611898017,283.28611898017,0,0,0,0,2832.8611898017,0,0,0,1416.43059490085,566.57223796034,0,0,283.28611898017
"88","18C_I4","2020","18","Control","Interspace","2","900","High",0,0,0,0,0,0,0,0,0,0,0,0,0,0,0,0,0,0,0,0,0,0,0,0,0,0,283.28611898017,0,0,0,0,0,0,0,0,0,0,0,0,0,0,0,0,0,0,1133.14447592068,0,0,0,0,0,0,0,0,0,0,0,566.57223796034,0,0,0,0,0,1983.00283286119,0,0,0,283.28611898017,1133.14447592068,0,0,0
"89","18C_I5","2020","18","Control","Interspace","3","900","High",0,0,0,0,0,0,0,0,0,0,0,0,0,0,0,0,0,0,0,0,0,0,0,0,0,0,283.28611898017,0,0,0,0,0,0,0,0,0,0,0,0,0,0,0,0,0,0,0,0,0,0,0,0,0,0,0,0,283.28611898017,0,1133.14447592068,566.57223796034,0,0,0,0,2266.28895184136,0,0,0,283.28611898017,0,0,0,283.28611898017
"90","18C_I6","2020","18","Control","Interspace","3","900","High",0,0,0,0,0,0,0,0,0,0,0,0,0,283.28611898017,0,0,0,0,0,0,0,0,0,0,0,0,0,0,0,0,0,0,0,0,0,0,0,0,0,0,0,0,0,0,0,283.28611898017,0,0,0,0,0,0,0,0,0,566.57223796034,0,0,0,0,0,0,0,1133.14447592068,0,0,0,0,283.28611898017,0,283.28611898017,566.57223796034
"91","19C_I1","2020","19","Control","Interspace","1","600","High",0,0,0,0,0,0,0,0,0,0,0,0,0,0,0,0,0,0,0,0,0,0,0,0,0,0,0,0,0,0,0,0,0,0,0,0,0,0,0,0,0,0,0,0,0,283.28611898017,0,0,0,0,0,0,0,0,0,0,0,0,0,0,0,0,0,283.28611898017,0,0,0,0,283.28611898017,0,0,0
"92","19C_I2","2020","19","Control","Interspace","1","600","High",0,0,0,0,0,0,0,0,0,0,0,0,0,0,0,0,0,0,0,0,0,0,0,0,0,0,0,0,0,0,0,0,0,0,0,0,0,0,0,0,0,0,0,0,0,566.57223796034,0,0,0,0,0,0,0,0,0,0,0,0,0,0,0,0,0,566.57223796034,0,0,0,0,566.57223796034,0,0,0
"93","19C_I3","2020","19","Control","Interspace","2","600","High",0,0,0,0,0,0,0,0,0,0,0,0,0,0,0,0,0,0,0,0,0,0,0,0,0,0,0,0,0,0,0,0,0,0,0,0,0,0,0,0,0,0,0,0,0,1699.71671388102,0,0,0,0,0,0,0,0,0,0,0,0,0,0,0,0,0,1699.71671388102,0,0,0,0,1699.71671388102,0,0,0
"94","19C_I4","2020","19","Control","Interspace","2","600","High",0,0,0,0,0,0,0,0,0,0,0,0,0,0,0,0,0,0,0,0,0,0,0,0,0,0,0,0,0,0,0,0,0,0,0,0,0,0,0,0,0,0,0,0,0,566.57223796034,0,0,0,0,0,0,0,0,0,0,0,0,0,0,0,0,0,566.57223796034,0,0,0,0,566.57223796034,0,0,0
"95","19C_I5","2020","19","Control","Interspace","3","600","High",0,0,0,0,0,0,0,0,0,0,0,0,0,0,0,0,0,0,0,0,0,0,0,0,0,0,0,0,0,0,0,0,0,0,0,0,0,0,0,0,0,0,0,0,0,1133.14447592068,0,0,0,0,0,0,0,0,0,0,0,283.28611898017,0,0,0,0,0,1416.43059490085,0,0,0,0,1133.14447592068,0,0,0
"96","19C_I6","2020","19","Control","Interspace","3","600","High",0,0,0,0,0,0,0,0,0,0,0,0,0,0,0,0,0,0,0,0,0,0,0,0,0,0,0,0,0,0,0,0,0,0,0,0,0,0,0,0,0,0,0,0,0,0,0,0,0,0,0,0,0,0,0,0,0,283.28611898017,283.28611898017,0,0,0,0,566.57223796034,0,0,0,0,0,0,0,0
"97","20C_I1","2020","20","Control","Interspace","1","900","High",0,0,0,0,0,0,0,0,0,0,0,0,0,0,0,0,0,0,0,0,0,0,0,0,0,0,0,0,0,0,0,0,0,0,0,0,0,0,0,0,0,0,0,0,0,283.28611898017,0,0,0,0,0,0,0,0,0,283.28611898017,0,0,0,0,0,0,0,566.57223796034,0,0,0,0,283.28611898017,0,0,283.28611898017
"98","20C_I2","2020","20","Control","Interspace","1","900","High",0,0,0,0,0,0,0,0,0,0,0,0,0,0,0,0,0,0,0,0,0,0,0,0,0,0,0,0,0,0,0,0,0,0,0,0,0,0,0,0,0,0,0,0,0,0,0,0,0,0,283.28611898017,0,0,0,0,283.28611898017,0,283.28611898017,283.28611898017,0,0,0,0,1133.14447592068,0,0,0,0,283.28611898017,0,0,283.28611898017
"99","20C_I3","2020","20","Control","Interspace","2","900","High",0,0,0,0,0,0,0,0,0,0,0,0,0,0,0,0,0,0,0,0,0,0,0,0,0,0,0,0,0,0,0,0,0,0,0,0,0,0,0,0,0,0,0,0,0,283.28611898017,0,0,0,0,0,0,0,0,0,0,0,283.28611898017,0,0,0,0,0,566.57223796034,0,0,0,0,283.28611898017,0,0,0
"100","20C_I4","2020","20","Control","Interspace","2","900","High",0,0,0,0,0,0,0,0,0,0,0,0,0,0,0,0,0,0,0,0,0,0,0,0,0,0,0,0,0,0,0,0,0,0,0,0,0,0,0,0,0,0,0,0,0,566.57223796034,0,0,0,0,0,0,0,0,0,0,0,566.57223796034,283.28611898017,0,0,0,0,1416.43059490085,0,0,0,0,566.57223796034,0,0,0
"101","20C_I5","2020","20","Control","Interspace","3","900","High",0,0,0,0,0,0,0,0,0,0,0,0,0,0,0,0,0,0,0,0,0,0,0,0,0,0,566.57223796034,0,0,0,0,0,0,0,0,0,0,0,0,0,0,0,0,0,0,283.28611898017,0,0,0,0,0,0,0,0,0,0,0,0,0,0,0,0,0,849.85835694051,0,0,0,566.57223796034,283.28611898017,0,0,0
"102","20C_I6","2020","20","Control","Interspace","3","900","High",0,0,0,0,0,0,0,0,0,0,0,0,0,0,0,0,0,0,0,0,0,0,0,0,0,0,283.28611898017,0,0,0,0,0,0,0,0,0,0,0,0,0,0,0,0,0,0,283.28611898017,0,0,0,0,0,0,0,0,0,283.28611898017,0,0,0,0,0,0,0,849.85835694051,0,0,0,283.28611898017,283.28611898017,0,0,283.28611898017
"103","1C_I1","2021","1","Control","Interspace","1","600","High",0,0,0,0,0,0,0,0,0,0,0,0,0,0,0,0,0,0,0,0,0,0,283.28611898017,0,0,0,0,0,0,283.28611898017,0,0,0,0,0,0,0,0,0,0,0,0,0,0,0,1133.14447592068,0,0,0,0,0,0,0,0,0,283.28611898017,0,0,0,0,0,0,0,1983.00283286119,0,0,0,0,1416.43059490085,0,283.28611898017,283.28611898017
"104","1C_I2","2021","1","Control","Interspace","1","600","High",0,0,0,0,0,0,0,0,0,0,0,0,0,0,0,0,0,0,0,0,0,0,283.28611898017,0,0,0,0,0,0,0,0,0,0,0,0,0,0,0,0,0,0,0,0,0,0,0,0,0,0,0,566.57223796034,0,0,0,0,0,0,0,0,0,0,0,0,849.85835694051,0,0,0,0,849.85835694051,0,0,0
"105","1C_I3","2021","1","Control","Interspace","2","600","High",0,0,0,0,0,0,0,0,0,0,0,0,0,0,0,0,0,0,0,0,0,0,0,0,0,0,0,0,0,0,283.28611898017,0,0,0,0,0,0,0,0,0,0,0,0,0,0,283.28611898017,0,0,0,0,1133.14447592068,0,0,0,0,283.28611898017,0,0,0,0,0,0,0,1983.00283286119,0,0,0,0,1699.71671388102,0,0,283.28611898017
"106","1C_I4","2021","1","Control","Interspace","2","600","High",0,0,0,0,0,0,0,0,0,283.28611898017,0,0,0,0,0,0,0,0,0,0,0,0,283.28611898017,0,0,0,0,0,0,0,0,0,0,0,0,0,0,0,0,0,0,0,0,0,0,566.57223796034,0,0,0,0,0,0,0,0,0,283.28611898017,0,283.28611898017,0,0,0,0,0,1699.71671388102,0,0,0,0,849.85835694051,283.28611898017,0,283.28611898017
"107","1C_I5","2021","1","Control","Interspace","3","600","High",0,0,0,0,0,0,0,0,0,0,0,0,0,0,0,0,0,0,0,0,0,0,0,0,0,0,0,0,0,0,0,0,0,0,0,0,0,0,0,0,0,0,0,0,0,0,0,0,0,0,283.28611898017,0,0,0,0,566.57223796034,0,0,0,0,0,0,0,849.85835694051,0,0,0,0,283.28611898017,0,0,566.57223796034
"108","1C_I6","2021","1","Control","Interspace","3","600","High",0,0,0,0,0,0,0,0,283.28611898017,0,0,0,0,0,0,0,0,0,0,0,0,0,0,0,0,0,0,0,0,0,0,0,0,0,0,0,0,0,0,0,0,0,0,0,0,0,0,0,0,0,0,0,0,0,0,0,0,0,0,0,0,0,0,283.28611898017,0,0,0,0,0,0,283.28611898017,0
"109","2C_I1","2021","2","Control","Interspace","1","600","High",0,0,0,0,0,0,0,0,0,0,0,0,0,0,0,0,0,0,0,0,0,0,0,0,0,0,0,0,0,0,0,0,0,0,0,0,0,0,0,0,0,0,0,0,0,849.85835694051,0,0,0,0,0,0,0,0,0,283.28611898017,0,0,0,0,0,0,0,1133.14447592068,0,0,0,0,849.85835694051,0,0,283.28611898017
"110","2C_I2","2021","2","Control","Interspace","1","600","High",0,0,0,0,0,0,0,0,0,0,0,0,0,0,0,0,0,0,0,0,0,0,0,0,0,0,0,0,0,0,0,0,0,0,0,0,0,0,0,0,0,0,0,0,0,566.57223796034,0,0,0,0,0,0,0,0,0,0,0,566.57223796034,0,0,0,0,0,1133.14447592068,0,0,0,0,566.57223796034,0,0,0
"111","2C_I3","2021","2","Control","Interspace","2","600","High",0,0,0,0,0,0,0,0,0,0,0,0,0,0,0,0,0,0,0,0,0,0,0,0,0,0,0,0,0,0,0,0,0,0,0,0,0,0,0,0,0,0,0,0,0,566.57223796034,0,0,0,0,0,0,0,0,0,283.28611898017,0,0,0,0,0,0,0,849.85835694051,0,0,0,0,566.57223796034,0,0,283.28611898017
"112","2C_I4","2021","2","Control","Interspace","2","600","High",0,0,0,0,0,0,0,0,0,0,0,0,0,0,0,0,0,0,0,0,0,0,0,0,0,0,0,0,0,0,0,0,0,0,0,0,0,0,0,0,0,0,0,0,0,849.85835694051,0,0,0,0,0,0,0,0,0,0,0,0,0,0,0,0,0,849.85835694051,0,0,0,0,849.85835694051,0,0,0
"113","2C_I5","2021","2","Control","Interspace","3","600","High",0,0,0,0,0,0,0,0,0,0,0,0,0,0,0,0,0,0,0,0,0,0,0,0,0,0,0,0,0,0,0,0,0,0,0,0,0,0,0,0,0,0,0,0,0,849.85835694051,0,0,0,0,0,0,0,0,0,283.28611898017,0,0,0,0,0,0,0,1133.14447592068,0,0,0,0,849.85835694051,0,0,283.28611898017
"114","2C_I6","2021","2","Control","Interspace","3","600","High",0,0,0,0,0,0,0,0,0,0,0,0,0,0,0,0,0,0,0,0,0,0,0,0,0,0,0,0,0,0,0,0,0,0,0,0,0,0,0,0,0,0,566.57223796034,0,0,849.85835694051,0,0,0,0,0,0,0,0,0,0,0,849.85835694051,0,0,0,0,0,2266.28895184136,0,0,0,0,1416.43059490085,0,0,0
"115","3C_I1","2021","3","Control","Interspace","1","400","Medium",0,0,0,0,0,0,0,0,283.28611898017,0,0,0,0,0,0,0,0,0,0,0,0,0,0,0,0,0,0,0,0,0,0,0,283.28611898017,0,0,0,0,0,0,0,0,0,0,0,0,849.85835694051,0,0,0,0,0,0,0,0,0,0,0,0,0,0,0,0,0,1416.43059490085,0,0,0,0,1133.14447592068,0,283.28611898017,0
"116","3C_I2","2021","3","Control","Interspace","1","400","Medium",0,0,0,0,0,0,0,0,0,283.28611898017,0,0,0,0,0,0,0,0,1133.14447592068,0,0,0,0,0,0,0,0,0,0,0,0,0,0,0,0,0,0,0,0,0,0,0,0,0,0,283.28611898017,0,0,0,0,0,0,0,0,0,0,0,0,283.28611898017,283.28611898017,0,0,0,2266.28895184136,0,0,0,0,1416.43059490085,283.28611898017,0,0
"117","3C_I3","2021","3","Control","Interspace","2","400","Medium",0,0,0,0,0,0,0,0,0,0,0,0,0,0,0,0,0,0,283.28611898017,0,0,0,0,0,0,0,0,0,0,0,0,0,0,0,0,0,0,0,0,0,0,0,0,0,0,1699.71671388102,0,0,0,0,0,0,0,0,0,283.28611898017,0,283.28611898017,0,0,0,0,0,2549.57507082153,0,0,0,0,1983.00283286119,0,0,283.28611898017
"118","3C_I4","2021","3","Control","Interspace","2","400","Medium",0,0,0,283.28611898017,283.28611898017,0,0,0,0,0,0,0,0,0,0,0,0,0,1133.14447592068,0,0,0,0,0,0,0,0,283.28611898017,0,0,0,0,0,0,0,283.28611898017,0,0,0,0,0,0,0,0,0,2266.28895184136,0,0,0,0,0,0,0,0,0,0,0,0,0,0,0,0,0,4532.57790368272,0,0,0,0,3682.71954674221,283.28611898017,283.28611898017,283.28611898017
"119","3C_I5","2021","3","Control","Interspace","3","400","Medium",0,0,0,0,0,0,0,0,0,0,283.28611898017,0,0,0,0,0,0,0,283.28611898017,0,0,0,0,0,0,0,0,0,0,0,0,0,0,0,0,0,0,0,0,0,0,0,0,0,0,0,0,0,0,0,0,0,0,0,0,0,0,0,0,0,0,0,0,566.57223796034,0,0,0,0,283.28611898017,283.28611898017,0,0
"120","3C_I6","2021","3","Control","Interspace","3","400","Medium",0,0,0,0,0,0,0,0,0,283.28611898017,0,0,0,0,0,0,0,0,283.28611898017,0,0,0,0,0,0,0,0,0,0,0,0,0,0,0,0,0,0,0,0,0,0,0,0,0,0,849.85835694051,0,0,0,0,0,0,0,0,0,283.28611898017,0,283.28611898017,0,0,0,0,0,1983.00283286119,0,0,0,0,1133.14447592068,283.28611898017,0,283.28611898017
"121","4C_I1","2021","4","Control","Interspace","1","400","Medium",0,0,0,0,283.28611898017,0,0,0,283.28611898017,0,0,0,0,0,0,0,0,0,283.28611898017,0,0,0,0,0,0,0,0,0,0,0,0,0,0,0,0,0,0,0,0,0,0,0,0,0,0,283.28611898017,0,0,0,0,0,0,0,0,0,0,0,0,283.28611898017,0,0,0,0,1416.43059490085,0,0,0,0,566.57223796034,0,283.28611898017,283.28611898017
"122","4C_I2","2021","4","Control","Interspace","1","400","Medium",0,283.28611898017,0,0,0,0,0,0,0,849.85835694051,0,0,0,0,0,0,0,0,0,0,0,0,0,0,0,0,0,0,0,0,0,0,0,0,0,0,0,0,0,0,0,0,0,0,0,1133.14447592068,0,0,0,0,0,0,0,0,0,283.28611898017,0,566.57223796034,283.28611898017,0,0,0,0,3399.43342776204,0,0,0,0,1416.43059490085,849.85835694051,0,283.28611898017
"123","4C_I3","2021","4","Control","Interspace","2","400","Medium",0,0,0,0,0,0,0,0,0,566.57223796034,849.85835694051,0,0,0,0,0,0,0,566.57223796034,0,0,0,0,0,0,0,0,0,0,0,0,0,0,0,0,0,0,0,0,0,0,0,0,0,0,1133.14447592068,0,0,0,0,0,0,0,0,0,0,0,0,283.28611898017,0,0,0,0,3399.43342776204,0,0,0,0,1699.71671388102,1416.43059490085,0,0
"124","4C_I4","2021","4","Control","Interspace","2","400","Medium",0,0,0,0,0,0,0,0,0,283.28611898017,0,0,0,0,0,0,0,0,849.85835694051,0,0,0,0,0,0,0,0,0,0,0,0,0,0,0,0,0,0,0,0,0,0,0,0,0,0,283.28611898017,0,0,0,0,0,0,0,0,0,0,0,566.57223796034,0,283.28611898017,0,0,0,2266.28895184136,0,0,0,0,1133.14447592068,283.28611898017,0,0
"125","4C_I5","2021","4","Control","Interspace","3","400","Medium",0,0,0,0,0,0,0,0,0,283.28611898017,0,0,0,0,0,0,0,0,566.57223796034,0,0,0,0,0,0,0,0,0,0,0,0,0,0,0,0,0,0,0,0,0,0,0,0,0,0,566.57223796034,0,0,0,0,0,0,0,0,0,0,0,0,0,0,0,0,0,1416.43059490085,0,0,0,0,1133.14447592068,283.28611898017,0,0
"126","4C_I6","2021","4","Control","Interspace","3","400","Medium",0,0,0,283.28611898017,0,0,0,0,0,283.28611898017,0,0,0,0,0,0,0,0,566.57223796034,0,0,0,0,283.28611898017,0,0,0,283.28611898017,0,0,0,0,0,0,0,0,0,0,0,0,0,0,0,0,0,283.28611898017,0,0,0,0,0,0,0,0,0,283.28611898017,283.28611898017,0,0,0,0,0,0,2549.57507082153,0,0,0,0,1133.14447592068,566.57223796034,566.57223796034,283.28611898017
"127","5C_I1","2021","5","Control","Interspace","1","600","High",0,0,0,0,0,0,0,0,0,0,0,0,0,0,0,0,0,0,0,0,0,0,0,0,0,0,0,0,0,0,0,0,0,0,0,0,0,0,0,0,0,0,0,0,0,0,0,0,0,0,0,0,0,0,0,0,0,0,0,0,0,0,0,0,0,0,0,0,0,0,0,0
"128","5C_I2","2021","5","Control","Interspace","1","600","High",0,0,0,0,0,0,0,0,0,0,0,0,0,0,0,0,0,0,0,0,0,0,283.28611898017,0,0,0,0,0,0,0,0,0,0,0,0,0,0,0,0,0,0,0,0,0,0,0,0,0,0,0,0,0,0,0,0,0,0,0,0,0,0,0,0,283.28611898017,0,0,0,0,283.28611898017,0,0,0
"129","5C_I3","2021","5","Control","Interspace","2","600","High",0,0,0,0,0,0,0,0,0,0,0,0,0,0,0,0,0,0,0,0,0,0,0,0,0,0,0,0,0,0,0,0,0,0,0,0,0,0,0,0,0,0,0,0,0,0,0,0,0,0,0,0,0,0,0,0,0,0,0,0,0,0,0,0,0,0,0,0,0,0,0,0
"130","5C_I4","2021","5","Control","Interspace","2","600","High",0,0,0,0,0,0,0,0,0,0,0,0,0,0,0,0,0,0,0,0,0,0,283.28611898017,0,0,0,0,0,0,0,0,0,0,0,0,0,0,0,0,0,0,0,0,0,0,283.28611898017,0,0,0,0,0,0,0,0,0,0,0,0,283.28611898017,0,0,0,0,849.85835694051,0,0,0,0,566.57223796034,0,0,0
"131","5C_I5","2021","5","Control","Interspace","3","600","High",0,0,0,0,0,0,0,0,0,0,0,0,0,0,0,0,0,0,0,0,0,0,0,0,0,0,0,0,0,0,0,0,0,0,0,0,0,0,0,0,0,0,0,0,0,283.28611898017,0,0,0,0,0,0,0,0,0,0,0,0,0,0,0,0,0,283.28611898017,0,0,0,0,283.28611898017,0,0,0
"132","5C_I6","2021","5","Control","Interspace","3","600","High",0,0,0,0,0,0,0,0,0,0,0,0,0,0,0,0,0,0,0,0,0,0,1133.14447592068,0,0,0,0,0,0,0,0,0,0,0,0,0,0,0,0,0,0,0,0,0,0,0,0,0,0,0,0,0,0,0,0,0,0,0,0,0,0,0,0,1133.14447592068,0,0,0,0,1133.14447592068,0,0,0
"133","6C_I1","2021","6","Control","Interspace","1","600","High",0,0,0,0,0,0,0,0,0,0,0,0,0,0,0,0,0,0,0,0,0,0,283.28611898017,0,0,0,0,0,0,0,0,0,0,0,0,0,0,0,0,0,0,0,0,0,0,849.85835694051,0,0,0,0,0,0,0,0,0,0,0,0,0,0,0,0,0,1133.14447592068,0,0,0,0,1133.14447592068,0,0,0
"134","6C_I2","2021","6","Control","Interspace","1","600","High",0,0,0,0,0,283.28611898017,0,0,0,0,0,0,0,0,0,0,0,0,0,0,0,0,283.28611898017,0,0,0,0,0,0,0,0,0,0,0,0,0,0,0,0,0,0,0,0,0,0,0,0,0,0,0,0,0,0,0,0,0,0,0,0,0,0,0,0,566.57223796034,0,0,0,0,566.57223796034,0,0,0
"135","6C_I3","2021","6","Control","Interspace","2","600","High",0,0,0,0,0,0,0,0,0,0,0,0,0,0,0,0,0,0,0,0,0,0,0,0,0,0,0,0,0,0,0,0,0,0,0,0,0,0,0,0,0,0,0,0,0,283.28611898017,0,0,0,0,0,0,0,0,0,0,0,0,0,0,0,0,0,283.28611898017,0,0,0,0,283.28611898017,0,0,0
"136","6C_I4","2021","6","Control","Interspace","2","600","High",0,0,0,0,0,0,0,0,0,0,0,0,0,0,0,0,0,0,0,0,0,0,0,0,0,0,0,0,0,0,0,0,0,0,0,0,0,0,0,0,0,0,0,0,0,3116.14730878187,0,0,0,0,0,0,0,0,0,0,0,0,0,0,0,0,0,3116.14730878187,0,0,0,0,3116.14730878187,0,0,0
"137","6C_I5","2021","6","Control","Interspace","3","600","High",0,0,0,0,0,0,0,0,0,0,0,0,0,0,0,0,0,0,0,0,0,0,0,0,0,0,0,0,0,0,0,0,0,0,0,0,0,0,0,0,0,0,0,0,0,1416.43059490085,0,0,0,0,0,0,0,0,0,283.28611898017,0,0,283.28611898017,0,0,0,0,1983.00283286119,0,0,0,0,1416.43059490085,0,0,283.28611898017
"138","6C_I6","2021","6","Control","Interspace","3","600","High",0,0,0,0,0,0,0,0,0,0,0,0,0,0,0,0,0,0,0,0,0,0,283.28611898017,0,0,0,0,0,0,0,0,0,0,0,0,0,0,0,0,0,0,0,0,0,0,566.57223796034,0,0,0,0,0,0,0,0,0,0,0,0,0,0,0,0,0,849.85835694051,0,0,0,0,849.85835694051,0,0,0
"139","7C_I1","2021","7","Control","Interspace","1","600","High",0,0,0,0,0,0,0,0,0,0,0,0,0,0,0,0,0,0,0,0,0,0,0,0,0,0,0,0,0,0,0,0,0,0,0,0,0,0,0,0,0,0,0,0,0,566.57223796034,0,0,0,0,0,0,0,0,0,283.28611898017,0,283.28611898017,0,0,0,0,0,1133.14447592068,0,0,0,0,566.57223796034,0,0,283.28611898017
"140","7C_I2","2021","7","Control","Interspace","1","600","High",0,0,0,0,0,0,0,0,0,0,0,0,0,0,0,0,0,0,0,0,0,0,566.57223796034,0,0,0,0,0,0,0,0,0,0,0,0,0,0,0,0,0,0,0,0,0,0,849.85835694051,0,0,0,0,0,0,0,0,0,0,0,0,0,0,0,0,0,1416.43059490085,0,0,0,0,1416.43059490085,0,0,0
"141","7C_I3","2021","7","Control","Interspace","2","600","High",0,0,0,0,0,0,0,0,0,0,0,0,0,0,0,0,0,0,0,0,0,0,0,0,0,0,0,0,0,0,0,0,0,0,0,0,0,0,0,0,0,0,0,0,0,283.28611898017,0,0,0,0,0,0,0,0,0,283.28611898017,0,0,0,0,0,0,0,566.57223796034,0,0,0,0,283.28611898017,0,0,283.28611898017
"142","7C_I4","2021","7","Control","Interspace","2","600","High",0,0,0,0,0,0,0,0,0,0,0,0,0,0,0,0,0,0,0,0,0,0,0,0,0,0,0,0,0,0,0,283.28611898017,0,0,0,0,0,0,0,0,0,0,0,0,0,283.28611898017,0,0,0,0,0,0,0,0,0,566.57223796034,0,0,0,0,0,0,0,1133.14447592068,0,0,0,0,283.28611898017,0,283.28611898017,566.57223796034
"143","7C_I5","2021","7","Control","Interspace","3","600","High",0,0,0,0,0,0,0,0,0,0,0,0,0,0,0,0,0,0,0,0,0,0,0,0,0,0,0,0,0,0,0,0,0,0,0,0,0,0,0,0,0,0,0,0,0,283.28611898017,0,0,0,0,0,0,0,0,0,283.28611898017,0,0,0,0,0,0,0,566.57223796034,0,0,0,0,283.28611898017,0,0,283.28611898017
"144","7C_I6","2021","7","Control","Interspace","3","600","High",0,0,0,0,0,0,0,0,0,0,0,0,0,0,0,0,0,0,0,0,0,0,0,0,0,0,0,0,0,0,0,0,0,0,0,0,0,0,0,0,0,0,0,0,0,283.28611898017,0,0,0,0,0,0,0,0,0,283.28611898017,0,0,0,0,0,0,0,566.57223796034,0,0,0,0,283.28611898017,0,0,283.28611898017
"145","8C_I1","2021","8","Control","Interspace","1","400","Medium",0,0,0,0,0,0,0,0,0,0,0,0,0,0,0,0,0,0,566.57223796034,0,0,0,0,0,0,0,0,0,0,0,0,0,0,0,0,0,0,0,0,0,0,0,0,0,0,566.57223796034,0,0,0,1133.14447592068,0,0,0,0,0,283.28611898017,0,0,283.28611898017,0,0,0,0,2832.8611898017,0,0,0,0,2266.28895184136,0,0,283.28611898017
"146","8C_I2","2021","8","Control","Interspace","1","400","Medium",0,0,0,0,0,0,0,0,0,0,0,0,0,0,0,0,0,0,1133.14447592068,0,0,0,0,0,0,0,0,0,0,0,0,0,0,0,0,0,0,0,0,0,0,0,0,0,0,1699.71671388102,0,0,0,283.28611898017,0,0,0,0,0,0,0,0,0,0,0,0,0,3116.14730878187,0,0,0,0,3116.14730878187,0,0,0
"147","8C_I3","2021","8","Control","Interspace","2","400","Medium",0,0,0,0,0,0,0,0,0,0,0,0,0,0,0,0,0,0,0,0,0,0,0,0,0,0,0,0,0,0,0,0,0,0,0,0,0,0,0,0,0,0,0,0,0,1133.14447592068,0,0,0,283.28611898017,0,0,0,0,0,566.57223796034,0,283.28611898017,0,0,0,0,0,2266.28895184136,0,0,0,0,1416.43059490085,0,0,566.57223796034
"148","8C_I4","2021","8","Control","Interspace","2","400","Medium",0,0,0,0,0,0,0,0,0,0,0,0,0,0,0,0,0,0,0,0,0,0,0,0,0,0,0,0,0,0,0,0,0,0,0,0,0,0,0,0,0,0,0,0,0,1133.14447592068,0,0,0,283.28611898017,283.28611898017,0,0,0,0,283.28611898017,0,0,0,0,0,0,0,1983.00283286119,0,0,0,0,1699.71671388102,0,0,283.28611898017
"149","8C_I5","2021","8","Control","Interspace","3","400","Medium",0,0,0,0,0,0,0,0,0,0,0,0,0,0,0,0,0,0,0,0,0,0,0,0,0,0,0,0,0,0,0,0,0,0,0,0,0,0,0,0,0,0,0,0,0,1699.71671388102,0,0,0,283.28611898017,0,0,0,0,0,0,0,0,0,0,0,0,0,1983.00283286119,0,0,0,0,1983.00283286119,0,0,0
"150","8C_I6","2021","8","Control","Interspace","3","400","Medium",0,0,0,0,0,0,0,0,0,0,0,0,0,0,0,0,0,0,0,0,0,0,0,0,0,0,0,0,0,0,0,0,0,0,0,0,0,0,0,0,0,0,0,0,0,283.28611898017,0,0,0,566.57223796034,0,0,0,0,0,0,0,283.28611898017,0,0,0,0,0,1133.14447592068,0,0,0,0,849.85835694051,0,0,0
"151","9C_I1","2021","9","Control","Interspace","1","400","Medium",0,0,0,0,0,0,0,0,0,0,0,0,0,0,0,0,0,0,0,0,0,0,0,0,0,0,0,0,0,0,0,0,0,0,0,0,0,0,0,0,0,0,0,0,0,849.85835694051,0,0,0,0,0,0,0,0,0,0,0,283.28611898017,0,0,0,0,0,1133.14447592068,0,0,0,0,849.85835694051,0,0,0
"152","9C_I2","2021","9","Control","Interspace","1","400","Medium",0,0,0,0,0,0,0,0,283.28611898017,0,0,0,0,0,0,0,0,0,1416.43059490085,0,0,0,0,0,0,0,0,0,0,283.28611898017,0,0,0,0,0,0,0,0,0,0,0,0,0,0,0,0,0,0,0,0,0,0,0,0,0,0,0,566.57223796034,283.28611898017,0,0,0,0,2832.8611898017,0,0,0,0,1416.43059490085,0,566.57223796034,0
"153","9C_I3","2021","9","Control","Interspace","2","400","Medium",0,0,0,0,0,0,0,0,0,0,0,0,0,0,0,0,0,0,283.28611898017,0,0,0,0,0,0,0,0,0,0,0,0,0,0,0,0,0,0,0,0,0,0,0,0,0,0,0,0,0,0,0,0,0,0,0,0,0,0,0,0,0,0,0,0,283.28611898017,0,0,0,0,283.28611898017,0,0,0
"154","9C_I4","2021","9","Control","Interspace","2","400","Medium",0,0,0,0,0,0,0,0,0,0,0,0,0,0,0,0,0,0,0,0,0,0,0,0,0,0,0,0,0,0,0,0,0,0,0,0,0,0,0,0,0,0,0,0,283.28611898017,1416.43059490085,0,0,0,0,0,0,0,0,0,849.85835694051,0,0,0,0,0,0,0,2549.57507082153,0,0,0,0,1416.43059490085,283.28611898017,0,849.85835694051
"155","9C_I5","2021","9","Control","Interspace","3","400","Medium",0,0,0,0,0,0,0,0,0,0,0,0,0,0,0,0,0,0,0,0,0,0,0,0,0,0,0,0,0,0,0,0,0,0,0,0,0,0,0,0,0,0,0,0,0,0,0,0,0,0,0,0,0,0,0,0,0,849.85835694051,0,0,0,0,0,849.85835694051,0,0,0,0,0,0,0,0
"156","9C_I6","2021","9","Control","Interspace","3","400","Medium",0,0,0,0,0,0,0,0,0,0,0,0,0,0,0,0,0,0,566.57223796034,0,0,0,0,0,0,0,0,0,0,0,0,0,0,0,0,0,0,0,0,0,0,0,0,0,0,0,0,0,0,0,0,0,0,0,0,283.28611898017,0,0,0,0,0,0,0,849.85835694051,0,0,0,0,566.57223796034,0,0,283.28611898017
"157","10C_I1","2021","10","Control","Interspace","1","100","Low",0,0,0,0,0,0,0,0,0,0,0,0,0,0,0,0,0,0,0,0,0,0,0,0,0,0,0,0,0,0,0,0,0,0,0,0,0,0,0,0,0,0,0,0,0,1416.43059490085,0,0,0,0,0,0,0,0,0,283.28611898017,0,283.28611898017,0,0,0,0,0,1983.00283286119,0,0,0,0,1416.43059490085,0,0,283.28611898017
"158","10C_I2","2021","10","Control","Interspace","1","100","Low",0,0,0,0,0,0,0,0,0,0,0,0,0,0,0,0,0,0,0,0,0,0,0,0,0,0,0,0,0,0,0,0,0,0,0,0,0,0,0,0,0,0,0,0,0,2549.57507082153,283.28611898017,0,283.28611898017,0,0,0,0,0,0,0,0,566.57223796034,0,0,0,0,0,3682.71954674221,0,0,0,0,2832.8611898017,283.28611898017,0,0
"159","10C_I3","2021","10","Control","Interspace","2","100","Low",0,0,0,0,0,0,0,0,0,0,0,0,0,0,0,0,0,0,0,0,0,0,566.57223796034,0,0,0,0,0,0,0,0,0,0,0,0,0,0,0,0,0,0,0,0,0,0,1133.14447592068,0,0,0,0,0,0,0,0,0,283.28611898017,0,283.28611898017,0,283.28611898017,0,0,0,2549.57507082153,0,0,0,0,1699.71671388102,0,0,283.28611898017
"160","10C_I4","2021","10","Control","Interspace","2","100","Low",0,0,0,0,0,0,0,0,0,0,0,0,0,0,0,0,0,0,0,0,0,0,0,0,0,0,0,0,0,0,0,0,0,0,0,0,0,0,0,0,0,0,0,0,0,283.28611898017,0,0,0,0,0,0,0,0,0,0,283.28611898017,0,0,0,0,0,0,566.57223796034,0,0,0,0,566.57223796034,0,0,0
"161","10C_I5","2021","10","Control","Interspace","3","100","Low",0,0,0,0,0,0,0,0,0,0,0,0,0,0,0,0,0,0,0,0,0,0,0,0,0,0,0,0,0,0,0,0,0,0,0,0,0,0,0,0,0,0,0,0,0,849.85835694051,0,0,0,0,0,0,0,0,0,283.28611898017,0,283.28611898017,0,0,0,0,0,1416.43059490085,0,0,0,0,849.85835694051,0,0,283.28611898017
"162","10C_I6","2021","10","Control","Interspace","3","100","Low",0,0,0,0,0,0,0,0,0,0,0,0,0,0,0,0,0,0,0,0,0,0,0,0,0,0,0,0,0,0,0,0,0,0,0,0,0,0,0,0,0,0,0,0,0,1983.00283286119,0,0,0,0,0,0,0,0,0,0,0,0,283.28611898017,0,0,0,0,2266.28895184136,0,0,0,0,1983.00283286119,0,0,0
"163","11C_I1","2021","11","Control","Interspace","1","400","Medium",0,0,0,0,0,0,0,0,0,0,0,0,0,0,0,0,0,0,283.28611898017,0,0,0,0,0,0,0,0,0,0,0,0,0,0,0,0,0,0,0,0,0,0,0,0,0,0,849.85835694051,0,0,283.28611898017,0,0,0,0,0,0,566.57223796034,0,0,0,0,0,0,0,1983.00283286119,0,0,0,0,1416.43059490085,0,0,566.57223796034
"164","11C_I2","2021","11","Control","Interspace","1","400","Medium",0,0,0,0,0,0,0,0,0,0,0,0,0,0,0,0,0,0,0,0,0,0,0,0,0,0,0,0,283.28611898017,0,0,0,0,0,0,0,0,0,0,0,0,0,0,0,0,566.57223796034,0,0,0,0,0,0,0,0,0,283.28611898017,0,0,0,0,0,0,0,1133.14447592068,0,0,0,0,566.57223796034,0,0,566.57223796034
"165","11C_I3","2021","11","Control","Interspace","2","400","Medium",0,0,0,0,0,0,0,0,0,0,0,0,0,0,0,0,0,0,1983.00283286119,0,0,0,0,0,0,0,0,0,0,0,0,0,0,0,0,0,0,0,0,0,0,0,0,0,0,0,0,0,0,0,0,0,0,0,0,283.28611898017,0,283.28611898017,0,0,0,0,0,2549.57507082153,0,0,0,0,1983.00283286119,0,0,283.28611898017
"166","11C_I4","2021","11","Control","Interspace","2","400","Medium",0,0,0,0,0,0,0,0,283.28611898017,0,0,0,0,0,0,0,0,0,0,0,0,0,0,0,0,0,0,1416.43059490085,0,0,0,0,0,0,0,0,0,0,0,0,0,0,0,0,0,566.57223796034,0,0,0,0,0,0,0,0,0,0,0,0,566.57223796034,0,0,0,0,2832.8611898017,0,0,0,0,566.57223796034,0,1699.71671388102,0
"167","11C_I5","2021","11","Control","Interspace","3","400","Medium",0,283.28611898017,0,0,0,0,0,0,0,283.28611898017,0,0,0,0,0,0,0,0,0,0,0,0,0,0,0,0,0,0,0,0,0,0,0,0,0,0,0,0,0,0,0,0,0,0,0,0,0,0,0,0,0,0,0,0,0,283.28611898017,0,0,0,0,0,0,0,849.85835694051,0,0,0,0,283.28611898017,283.28611898017,0,283.28611898017
"168","11C_I6","2021","11","Control","Interspace","3","400","Medium",0,0,0,0,0,0,0,0,283.28611898017,0,0,0,0,0,0,0,0,0,1983.00283286119,0,0,0,0,0,0,0,0,0,0,0,0,0,0,0,0,0,0,0,0,0,0,0,0,0,0,1133.14447592068,0,0,0,0,0,0,0,0,0,283.28611898017,0,849.85835694051,0,0,0,0,0,4532.57790368272,0,0,0,0,3116.14730878187,0,283.28611898017,283.28611898017
"169","12C_I1","2021","12","Control","Interspace","1","400","Medium",0,0,0,0,0,0,0,0,0,0,0,0,0,0,0,0,0,0,283.28611898017,0,0,0,0,0,0,0,0,283.28611898017,0,0,0,0,0,0,0,0,0,0,0,0,0,0,0,0,0,283.28611898017,0,0,0,0,0,0,0,0,0,0,0,0,0,0,0,0,0,849.85835694051,0,0,0,0,566.57223796034,0,283.28611898017,0
"170","12C_I2","2021","12","Control","Interspace","1","400","Medium",0,0,0,0,0,0,0,0,0,0,0,0,0,0,0,0,0,0,0,0,0,0,0,0,0,0,0,566.57223796034,0,0,0,0,0,0,0,0,0,0,0,0,0,0,0,0,0,0,0,0,0,0,0,0,0,0,0,283.28611898017,0,283.28611898017,283.28611898017,0,0,0,0,1416.43059490085,0,0,0,0,0,0,566.57223796034,283.28611898017
"171","12C_I3","2021","12","Control","Interspace","2","400","Medium",0,0,0,0,0,0,0,0,0,0,0,0,0,0,0,0,0,0,849.85835694051,0,0,0,0,0,0,0,0,0,0,0,0,0,0,0,0,0,0,0,0,0,0,0,0,0,0,283.28611898017,0,0,0,0,0,0,0,0,0,1133.14447592068,0,283.28611898017,566.57223796034,0,0,0,0,3116.14730878187,0,0,0,0,1133.14447592068,0,0,1133.14447592068
"172","12C_I4","2021","12","Control","Interspace","2","400","Medium",0,0,0,0,0,0,0,0,0,0,0,0,0,0,0,0,0,0,283.28611898017,0,0,0,0,0,0,0,0,1133.14447592068,0,0,0,0,0,0,0,0,0,0,0,0,0,0,0,0,0,0,0,0,0,0,0,0,0,0,0,0,0,0,0,283.28611898017,0,0,0,1699.71671388102,0,0,0,0,283.28611898017,0,1133.14447592068,0
"173","12C_I5","2021","12","Control","Interspace","3","400","Medium",0,0,0,0,0,0,0,0,0,0,0,0,0,0,0,0,0,0,1416.43059490085,0,0,0,0,0,0,0,0,0,0,0,0,0,0,0,0,0,0,0,0,0,0,0,0,0,0,1699.71671388102,0,0,0,0,0,0,0,0,0,566.57223796034,0,283.28611898017,0,0,0,0,0,3966.00566572238,0,0,0,0,3116.14730878187,0,0,566.57223796034
"174","12C_I6","2021","12","Control","Interspace","3","400","Medium",0,0,0,0,0,0,0,0,283.28611898017,0,0,0,0,0,0,0,0,0,0,0,0,0,0,0,0,0,0,849.85835694051,0,0,0,0,0,0,0,0,0,0,0,0,0,0,0,0,0,1133.14447592068,0,0,0,0,0,0,0,0,0,1133.14447592068,0,0,0,0,0,0,0,3399.43342776204,0,0,0,0,1133.14447592068,0,1133.14447592068,1133.14447592068
"175","13C_I1","2021","13","Control","Interspace","1","400","Medium",0,0,0,0,283.28611898017,0,0,0,0,0,0,0,0,0,0,0,0,0,0,0,0,0,0,0,0,0,0,0,0,0,0,0,0,0,0,0,0,0,0,0,0,0,0,0,0,849.85835694051,0,0,0,0,0,0,0,0,0,0,0,0,0,0,0,0,0,1133.14447592068,0,0,0,0,849.85835694051,0,0,283.28611898017
"176","13C_I2","2021","13","Control","Interspace","1","400","Medium",0,0,0,0,0,0,0,0,0,0,0,0,0,0,0,0,0,0,0,0,0,0,0,0,0,0,0,0,0,0,0,0,0,0,0,0,0,0,0,0,0,0,0,0,0,1416.43059490085,0,0,0,0,0,0,0,0,0,0,0,283.28611898017,0,0,0,0,0,1699.71671388102,0,0,0,0,1416.43059490085,0,0,0
"177","13C_I3","2021","13","Control","Interspace","2","400","Medium",0,0,0,0,0,0,0,0,0,0,0,0,0,0,0,0,0,0,0,0,0,0,0,0,0,0,0,0,0,0,0,0,0,0,0,0,0,0,0,0,0,0,0,0,0,1699.71671388102,0,0,0,0,0,0,0,0,0,566.57223796034,0,0,0,0,0,0,0,2266.28895184136,0,0,0,0,1699.71671388102,0,0,566.57223796034
"178","13C_I4","2021","13","Control","Interspace","2","400","Medium",0,0,0,0,0,0,0,0,0,0,0,0,0,0,0,0,0,0,0,0,0,0,0,0,0,0,0,0,0,0,0,0,283.28611898017,0,0,0,0,0,0,0,0,0,0,0,0,566.57223796034,0,0,0,0,0,0,0,0,0,0,0,0,0,0,0,0,0,849.85835694051,0,0,0,0,849.85835694051,0,0,0
"179","13C_I5","2021","13","Control","Interspace","3","400","Medium",0,0,0,0,0,0,0,0,0,0,283.28611898017,0,0,0,0,0,0,0,0,0,0,0,0,0,0,0,0,0,0,0,0,0,0,0,0,0,0,0,0,0,0,0,0,0,0,283.28611898017,0,0,0,0,0,0,0,0,0,0,0,0,0,0,0,0,0,566.57223796034,0,0,0,0,283.28611898017,283.28611898017,0,0
"180","13C_I6","2021","13","Control","Interspace","3","400","Medium",0,0,0,0,0,0,0,0,0,0,0,0,0,0,0,0,0,0,0,0,0,0,0,0,0,0,0,283.28611898017,0,0,0,0,0,0,0,0,0,0,0,0,0,0,0,0,0,849.85835694051,0,0,0,0,0,0,0,0,0,283.28611898017,0,0,0,0,0,0,0,1416.43059490085,0,0,0,0,849.85835694051,0,283.28611898017,283.28611898017
"181","14C_I1","2021","14","Control","Interspace","1","600","High",0,0,0,0,0,0,0,0,0,0,0,0,0,0,0,0,0,0,0,0,0,0,0,0,0,0,0,0,0,0,0,0,0,0,0,0,0,0,0,0,0,0,0,0,0,283.28611898017,0,0,0,0,0,0,0,0,0,0,0,0,0,0,0,0,0,283.28611898017,0,0,0,0,283.28611898017,0,0,0
"182","14C_I2","2021","14","Control","Interspace","1","600","High",0,0,0,0,0,0,0,0,0,0,0,0,0,0,0,0,0,0,0,0,0,0,0,0,0,0,0,0,0,0,0,0,0,0,0,0,0,0,0,0,0,0,0,0,0,849.85835694051,0,0,0,0,0,0,0,0,0,0,0,0,0,0,0,0,0,849.85835694051,0,0,0,0,849.85835694051,0,0,0
"183","14C_I3","2021","14","Control","Interspace","2","600","High",0,0,0,0,0,0,0,0,0,0,0,0,0,0,0,0,0,0,0,0,0,0,0,0,0,0,0,0,0,0,0,0,0,0,0,0,0,0,0,0,0,0,0,0,0,0,0,0,0,0,0,0,0,0,0,0,0,0,0,0,0,0,0,0,0,0,0,0,0,0,0,0
"184","14C_I4","2021","14","Control","Interspace","2","600","High",0,0,0,0,0,0,0,0,0,0,0,0,0,0,0,0,0,0,0,0,0,0,0,0,0,0,0,0,0,0,0,0,0,0,0,0,0,0,0,0,0,0,0,0,0,0,0,0,0,0,0,0,0,0,0,0,0,0,0,0,0,0,0,0,0,0,0,0,0,0,0,0
"185","14C_I5","2021","14","Control","Interspace","3","600","High",0,0,0,0,0,0,0,0,0,0,0,0,0,0,0,0,0,0,0,0,0,0,0,0,0,0,0,0,0,0,0,0,0,0,0,0,0,0,0,0,0,0,0,0,0,0,0,0,0,0,0,0,0,0,0,0,0,0,0,0,0,0,0,0,0,0,0,0,0,0,0,0
"186","14C_I6","2021","14","Control","Interspace","3","600","High",0,0,0,0,0,0,0,0,0,0,0,0,0,0,0,0,0,0,0,0,0,0,0,0,0,0,0,0,0,0,0,0,0,0,0,0,0,0,0,0,0,0,0,0,0,0,0,0,0,0,0,0,0,0,0,0,0,0,0,0,0,0,0,0,0,0,0,0,0,0,0,0
"187","15C_I1","2021","15","Control","Interspace","1","600","High",0,0,0,0,0,0,0,0,0,0,0,0,0,0,0,0,0,0,0,0,0,0,0,0,0,0,0,0,0,0,0,0,0,0,0,0,0,0,0,0,0,0,0,0,0,849.85835694051,0,0,0,0,0,0,0,0,0,0,0,0,0,0,0,0,0,849.85835694051,0,0,0,0,849.85835694051,0,0,0
"188","15C_I2","2021","15","Control","Interspace","1","600","High",0,0,0,0,0,0,0,0,0,0,0,0,0,0,0,0,0,0,0,0,0,0,0,0,0,0,0,0,0,0,0,0,0,0,0,0,0,0,0,0,0,0,0,0,0,2549.57507082153,0,0,0,0,0,0,0,0,0,566.57223796034,0,0,0,0,0,0,0,3116.14730878187,0,0,0,0,2549.57507082153,0,0,566.57223796034
"189","15C_I3","2021","15","Control","Interspace","2","600","High",0,0,0,0,0,0,0,0,0,0,0,0,0,0,0,0,0,0,0,0,0,0,0,0,0,0,0,0,0,0,0,0,0,0,0,0,0,0,0,0,0,0,0,0,0,566.57223796034,0,0,0,0,0,0,0,0,0,0,0,0,0,0,0,0,0,566.57223796034,0,0,0,0,566.57223796034,0,0,0
"190","15C_I4","2021","15","Control","Interspace","2","600","High",0,0,0,0,0,0,0,0,0,0,0,0,0,0,0,0,0,0,0,0,0,0,0,0,0,0,0,0,0,0,0,0,0,0,0,0,0,0,0,0,0,0,0,0,0,283.28611898017,0,0,0,0,0,0,0,0,0,283.28611898017,0,0,0,0,0,0,0,566.57223796034,0,0,0,0,283.28611898017,0,0,283.28611898017
"191","15C_I5","2021","15","Control","Interspace","3","600","High",0,0,0,0,0,0,0,0,0,0,0,0,0,0,0,0,0,0,0,0,0,0,0,0,0,0,0,0,0,0,0,0,0,0,0,0,0,0,0,0,0,0,0,0,0,1416.43059490085,0,0,0,0,0,0,0,0,0,0,0,0,0,0,0,0,0,1416.43059490085,0,0,0,0,1416.43059490085,0,0,0
"192","15C_I6","2021","15","Control","Interspace","3","600","High",0,0,0,0,0,0,0,0,0,0,0,0,0,0,0,0,0,0,0,0,0,0,0,0,0,0,0,0,0,0,0,0,0,0,283.28611898017,0,0,0,0,0,0,0,0,0,0,1699.71671388102,0,0,0,0,0,0,0,0,0,283.28611898017,0,0,0,0,0,0,0,2266.28895184136,0,0,0,0,1983.00283286119,0,0,283.28611898017
"193","16C_I1","2021","16","Control","Interspace","1","100","Low",0,0,0,0,0,0,0,0,0,0,283.28611898017,0,0,0,0,0,0,0,0,0,0,0,0,0,0,0,0,0,0,0,0,0,0,0,0,0,0,0,0,0,0,0,0,0,0,0,0,0,0,0,0,0,0,0,0,283.28611898017,0,0,0,0,0,0,0,566.57223796034,0,0,0,0,0,283.28611898017,0,283.28611898017
"194","16C_I2","2021","16","Control","Interspace","1","100","Low",0,0,0,0,0,0,0,0,0,0,0,0,0,0,0,0,0,0,0,0,0,0,0,0,0,0,0,0,0,0,0,0,0,0,0,0,0,0,0,0,0,0,0,0,0,283.28611898017,0,0,0,0,0,0,0,0,0,283.28611898017,0,0,0,0,0,0,0,566.57223796034,0,0,0,0,283.28611898017,0,0,283.28611898017
"195","16C_I3","2021","16","Control","Interspace","2","100","Low",0,0,0,0,0,0,0,0,0,0,0,0,0,0,283.28611898017,0,0,0,0,0,0,0,0,0,0,0,0,0,0,0,0,0,0,0,0,0,0,0,0,0,0,0,0,0,0,0,0,0,0,0,0,0,0,0,0,283.28611898017,0,0,0,283.28611898017,0,0,0,849.85835694051,0,0,0,0,283.28611898017,0,0,283.28611898017
"196","16C_I4","2021","16","Control","Interspace","2","100","Low",0,0,0,0,0,0,0,0,0,0,0,0,0,0,0,0,0,0,0,0,0,0,0,0,0,0,0,0,0,0,0,0,0,0,0,0,0,0,0,0,0,0,0,0,0,0,0,0,0,0,0,0,0,0,0,0,0,0,0,0,0,0,0,0,0,0,0,0,0,0,0,0
"197","16C_I5","2021","16","Control","Interspace","3","100","Low",0,0,0,0,0,0,0,0,0,0,0,0,0,0,0,0,0,0,0,0,0,0,0,0,0,0,0,0,0,0,0,0,0,0,0,0,0,0,0,0,0,0,0,0,0,283.28611898017,0,0,0,0,0,0,0,0,0,566.57223796034,0,0,0,283.28611898017,0,0,0,1133.14447592068,0,0,0,0,283.28611898017,0,0,566.57223796034
"198","16C_I6","2021","16","Control","Interspace","3","100","Low",0,0,0,0,0,0,0,0,0,0,0,0,0,0,0,0,0,0,0,0,0,0,0,0,0,0,0,0,0,0,0,0,0,0,0,0,0,0,0,0,0,0,0,0,0,283.28611898017,0,0,0,0,0,0,0,0,0,849.85835694051,0,0,0,0,0,0,0,1133.14447592068,0,0,0,0,283.28611898017,0,0,849.85835694051
"199","17C_I1","2021","17","Control","Interspace","1","600","High",0,0,0,0,0,0,0,0,0,0,0,0,0,0,0,0,0,0,0,0,0,0,0,0,0,0,0,0,0,0,0,0,0,0,0,0,0,0,0,0,0,0,0,0,0,849.85835694051,0,0,0,0,0,0,0,0,0,0,0,566.57223796034,0,0,0,0,0,1416.43059490085,0,0,0,0,849.85835694051,0,0,0
"200","17C_I2","2021","17","Control","Interspace","1","600","High",0,0,0,0,0,0,0,0,0,0,0,0,0,0,0,0,0,0,0,0,0,0,283.28611898017,0,0,0,0,0,0,0,0,0,0,0,0,0,0,0,0,0,0,0,0,0,0,849.85835694051,0,0,0,0,0,0,0,0,0,283.28611898017,0,566.57223796034,0,0,0,0,0,1983.00283286119,0,0,0,0,1133.14447592068,0,0,283.28611898017
"201","17C_I3","2021","17","Control","Interspace","2","600","High",0,0,0,0,0,0,0,0,0,0,0,0,0,0,0,0,0,0,0,0,0,0,0,0,0,0,0,0,0,0,0,0,0,0,0,0,0,0,0,0,0,0,0,0,0,1699.71671388102,0,0,0,0,0,0,0,0,0,0,0,0,0,0,0,0,0,1699.71671388102,0,0,0,0,1699.71671388102,0,0,0
"202","17C_I4","2021","17","Control","Interspace","2","600","High",0,0,0,0,0,0,0,0,0,0,0,0,0,0,0,0,0,0,0,0,0,0,0,0,0,0,0,0,0,0,0,0,0,0,0,0,0,0,0,0,0,0,0,0,0,566.57223796034,0,0,0,0,0,0,0,0,0,0,0,283.28611898017,0,0,0,0,0,849.85835694051,0,0,0,0,566.57223796034,0,0,0
"203","17C_I5","2021","17","Control","Interspace","3","600","High",0,0,0,0,0,0,0,0,0,0,0,0,0,0,283.28611898017,0,0,0,0,0,0,0,0,0,0,0,0,0,0,0,0,0,0,0,0,0,0,0,0,0,0,0,0,0,0,0,0,0,0,0,0,0,0,0,0,283.28611898017,0,0,0,0,0,0,0,566.57223796034,0,0,0,0,283.28611898017,0,0,283.28611898017
"204","17C_I6","2021","17","Control","Interspace","3","600","High",0,0,0,0,0,0,0,0,0,0,0,0,0,0,0,0,0,0,0,0,0,0,0,0,0,0,0,0,0,0,0,0,0,0,0,0,0,0,0,0,0,0,0,0,0,1699.71671388102,0,0,0,0,0,0,0,0,0,0,0,0,0,0,0,0,283.28611898017,1983.00283286119,0,0,0,0,1699.71671388102,283.28611898017,0,0
"205","18C_I1","2021","18","Control","Interspace","1","900","High",0,0,0,0,0,0,0,0,0,0,0,0,0,0,0,0,0,0,0,0,0,0,0,0,0,0,0,0,0,0,0,0,0,0,0,0,0,0,0,0,0,0,0,0,0,566.57223796034,0,0,0,0,0,0,0,0,0,283.28611898017,0,0,0,0,0,0,0,849.85835694051,0,0,0,0,566.57223796034,0,0,283.28611898017
"206","18C_I2","2021","18","Control","Interspace","1","900","High",0,0,0,0,0,0,0,0,0,0,0,0,0,0,0,0,0,0,0,0,0,0,0,0,0,0,0,0,0,0,0,0,0,0,0,0,0,0,0,0,0,0,0,0,0,1133.14447592068,0,0,0,0,283.28611898017,0,0,0,0,0,0,0,0,0,0,0,0,1416.43059490085,0,0,0,0,1416.43059490085,0,0,0
"207","18C_I3","2021","18","Control","Interspace","2","900","High",0,0,0,0,0,0,0,0,0,0,0,0,0,0,0,0,0,0,0,0,0,0,0,0,0,0,0,0,0,0,0,0,0,0,0,0,0,0,0,0,0,0,0,0,0,283.28611898017,0,0,0,0,0,0,0,0,0,0,0,0,0,0,0,0,0,283.28611898017,0,0,0,0,283.28611898017,0,0,0
"208","18C_I4","2021","18","Control","Interspace","2","900","High",0,0,0,0,0,0,0,0,0,0,0,0,0,0,0,0,0,0,0,0,0,0,0,0,0,0,0,0,0,0,0,0,0,0,0,0,0,0,0,0,0,0,0,0,0,0,0,0,0,0,0,0,0,0,0,0,0,0,0,0,0,0,0,0,0,0,0,0,0,0,0,0
"209","18C_I5","2021","18","Control","Interspace","3","900","High",0,0,0,0,0,0,0,0,0,0,0,0,0,0,0,0,0,0,0,0,0,0,0,0,0,0,0,0,0,0,0,0,0,0,0,0,0,0,0,0,0,0,0,0,0,2266.28895184136,0,0,0,0,0,0,0,0,0,0,0,0,0,0,0,0,0,2266.28895184136,0,0,0,0,2266.28895184136,0,0,0
"210","18C_I6","2021","18","Control","Interspace","3","900","High",0,0,0,0,0,0,0,0,0,0,0,0,0,0,283.28611898017,0,0,0,0,0,0,0,0,0,0,0,0,0,0,0,0,0,0,0,0,0,0,0,0,0,0,0,0,0,0,0,0,0,0,0,0,0,0,0,0,0,0,0,0,0,0,0,0,283.28611898017,0,0,0,0,283.28611898017,0,0,0
"211","19C_I1","2021","19","Control","Interspace","1","600","High",0,0,0,0,0,0,0,0,0,0,0,0,0,0,0,0,0,0,0,0,0,0,0,0,0,0,0,0,0,0,0,0,0,0,0,0,0,0,0,0,0,0,0,0,0,0,0,0,0,0,0,0,0,0,0,0,0,0,0,0,0,0,0,0,0,0,0,0,0,0,0,0
"212","19C_I2","2021","19","Control","Interspace","1","600","High",0,0,0,0,0,0,0,0,0,0,0,0,0,0,0,0,0,0,0,0,0,0,0,0,0,0,0,0,0,0,0,0,0,0,0,0,0,0,0,0,0,0,0,0,0,0,0,0,0,0,0,0,0,0,0,283.28611898017,0,0,0,0,0,0,0,283.28611898017,0,0,0,0,0,0,0,283.28611898017
"213","19C_I3","2021","19","Control","Interspace","2","600","High",0,0,0,0,0,0,0,0,0,0,0,0,0,0,0,0,0,0,0,0,0,0,0,0,0,0,0,0,0,0,0,0,0,0,0,0,0,0,0,0,0,0,0,0,0,2549.57507082153,0,0,0,0,0,0,0,0,0,0,0,0,0,0,0,0,0,2549.57507082153,0,0,0,0,2549.57507082153,0,0,0
"214","19C_I4","2021","19","Control","Interspace","2","600","High",0,0,0,0,0,0,0,0,0,0,283.28611898017,0,0,0,0,0,0,0,0,0,0,0,0,0,0,0,0,0,0,0,0,0,0,0,0,0,0,0,0,0,0,0,0,0,0,2549.57507082153,0,0,0,0,0,0,0,0,0,0,0,283.28611898017,0,0,0,0,0,3116.14730878187,0,0,0,0,2549.57507082153,283.28611898017,0,0
"215","19C_I5","2021","19","Control","Interspace","3","600","High",0,0,0,0,0,0,0,0,0,0,0,0,0,0,0,0,0,0,0,0,0,0,0,0,0,0,0,0,0,0,0,0,0,0,0,0,0,0,0,0,0,0,0,0,0,1416.43059490085,0,0,0,0,0,0,0,0,0,283.28611898017,0,0,0,0,0,0,0,1699.71671388102,0,0,0,0,1416.43059490085,0,0,283.28611898017
"216","19C_I6","2021","19","Control","Interspace","3","600","High",0,0,0,0,0,283.28611898017,0,0,0,0,0,0,0,0,0,0,0,0,0,0,0,0,0,0,0,0,0,0,0,0,0,0,0,0,0,283.28611898017,0,0,0,0,0,0,0,0,0,0,0,0,0,0,0,0,0,0,0,283.28611898017,0,0,0,0,0,0,0,849.85835694051,0,0,0,0,566.57223796034,0,0,283.28611898017
"217","20C_I1","2021","20","Control","Interspace","1","900","High",0,0,0,0,0,0,0,0,0,0,0,0,0,0,0,0,0,0,0,0,0,0,0,0,0,0,0,0,0,0,0,0,0,0,0,0,0,0,0,0,0,0,0,0,0,566.57223796034,0,0,0,0,0,0,0,0,0,283.28611898017,0,0,0,0,0,0,0,849.85835694051,0,0,0,0,566.57223796034,0,0,283.28611898017
"218","20C_I2","2021","20","Control","Interspace","1","900","High",0,0,0,0,0,0,0,0,0,0,0,0,0,0,0,0,0,0,0,0,0,0,0,0,0,0,0,0,0,0,0,0,0,0,0,0,0,0,0,0,0,0,0,0,0,1133.14447592068,0,0,0,0,0,0,0,0,0,0,0,0,0,0,0,0,0,1133.14447592068,0,0,0,0,1133.14447592068,0,0,0
"219","20C_I3","2021","20","Control","Interspace","2","900","High",0,0,0,0,0,0,0,0,0,0,0,0,0,0,283.28611898017,0,0,0,0,0,0,0,0,0,0,0,0,0,0,0,0,0,0,0,0,0,0,0,0,0,0,0,0,0,0,849.85835694051,0,0,0,0,0,0,0,0,0,0,0,283.28611898017,0,0,0,0,0,1416.43059490085,0,0,0,0,1133.14447592068,0,0,0
"220","20C_I4","2021","20","Control","Interspace","2","900","High",0,0,0,0,0,0,0,0,0,0,0,0,0,0,0,0,0,0,0,0,0,0,0,0,0,0,0,0,0,0,0,0,0,0,0,0,0,0,0,0,0,0,0,0,0,566.57223796034,0,0,0,0,0,0,0,0,0,0,0,0,0,0,0,0,0,566.57223796034,0,0,0,0,566.57223796034,0,0,0
"221","20C_I5","2021","20","Control","Interspace","3","900","High",0,0,0,0,0,0,0,0,0,0,0,0,0,0,0,0,0,0,0,0,0,0,0,0,0,0,0,0,0,0,0,0,0,0,0,0,0,0,0,0,0,0,0,0,0,849.85835694051,0,0,0,0,0,0,0,0,0,0,0,283.28611898017,0,0,0,0,0,1133.14447592068,0,0,0,0,849.85835694051,0,0,0
"222","20C_I6","2021","20","Control","Interspace","3","900","High",0,0,0,0,0,0,0,0,0,0,0,0,0,0,0,0,0,0,0,0,0,0,0,0,0,0,283.28611898017,0,0,0,0,0,0,0,0,0,0,0,0,0,0,0,0,0,0,0,0,0,0,0,0,0,0,0,0,283.28611898017,0,0,0,0,0,0,0,566.57223796034,0,0,0,283.28611898017,0,0,0,283.28611898017
